[{"model": "admin.logentry", "pk": 1, "fields": {"action_time": "2025-07-18T02:37:11.337Z", "user": 1, "content_type": 3, "object_id": "1", "object_repr": "Admin", "action_flag": 1, "change_message": "[{\"added\": {}}]"}}, {"model": "admin.logentry", "pk": 2, "fields": {"action_time": "2025-07-18T02:37:54.660Z", "user": 1, "content_type": 3, "object_id": "2", "object_repr": "Team Member", "action_flag": 1, "change_message": "[{\"added\": {}}]"}}, {"model": "admin.logentry", "pk": 3, "fields": {"action_time": "2025-07-18T02:38:28.276Z", "user": 1, "content_type": 4, "object_id": "2", "object_repr": "min_ezekiel", "action_flag": 1, "change_message": "[{\"added\": {}}]"}}, {"model": "admin.logentry", "pk": 4, "fields": {"action_time": "2025-07-18T02:39:01.677Z", "user": 1, "content_type": 4, "object_id": "3", "object_repr": "PAS", "action_flag": 1, "change_message": "[{\"added\": {}}]"}}, {"model": "admin.logentry", "pk": 5, "fields": {"action_time": "2025-07-18T02:39:27.697Z", "user": 1, "content_type": 4, "object_id": "4", "object_repr": "min_moyin", "action_flag": 1, "change_message": "[{\"added\": {}}]"}}, {"model": "admin.logentry", "pk": 6, "fields": {"action_time": "2025-07-18T02:39:48.594Z", "user": 1, "content_type": 4, "object_id": "5", "object_repr": "min_temidayo", "action_flag": 1, "change_message": "[{\"added\": {}}]"}}, {"model": "admin.logentry", "pk": 7, "fields": {"action_time": "2025-07-18T02:40:08.673Z", "user": 1, "content_type": 4, "object_id": "6", "object_repr": "bisolaolulode", "action_flag": 1, "change_message": "[{\"added\": {}}]"}}, {"model": "admin.logentry", "pk": 8, "fields": {"action_time": "2025-07-18T02:40:27.101Z", "user": 1, "content_type": 4, "object_id": "7", "object_repr": "dotunajayi", "action_flag": 1, "change_message": "[{\"added\": {}}]"}}, {"model": "admin.logentry", "pk": 9, "fields": {"action_time": "2025-07-18T02:41:03.301Z", "user": 1, "content_type": 4, "object_id": "8", "object_repr": "susanajayi", "action_flag": 1, "change_message": "[{\"added\": {}}]"}}, {"model": "admin.logentry", "pk": 10, "fields": {"action_time": "2025-07-18T02:41:30.624Z", "user": 1, "content_type": 4, "object_id": "1", "object_repr": "wunmijordan", "action_flag": 2, "change_message": "[{\"changed\": {\"fields\": [\"First name\", \"Last name\"]}}]"}}, {"model": "admin.logentry", "pk": 11, "fields": {"action_time": "2025-07-18T02:41:56.038Z", "user": 1, "content_type": 4, "object_id": "9", "object_repr": "segunajayi", "action_flag": 1, "change_message": "[{\"added\": {}}]"}}, {"model": "admin.logentry", "pk": 12, "fields": {"action_time": "2025-07-18T02:43:02.922Z", "user": 1, "content_type": 4, "object_id": "9", "object_repr": "segunajayi", "action_flag": 2, "change_message": "[{\"changed\": {\"fields\": [\"First name\", \"Last name\", \"Email address\", \"Groups\"]}}]"}}, {"model": "admin.logentry", "pk": 13, "fields": {"action_time": "2025-07-18T02:43:56.898Z", "user": 1, "content_type": 4, "object_id": "2", "object_repr": "min_ezekiel", "action_flag": 2, "change_message": "[{\"changed\": {\"fields\": [\"First name\", \"Last name\", \"Email address\", \"Groups\"]}}]"}}, {"model": "admin.logentry", "pk": 14, "fields": {"action_time": "2025-07-18T02:44:50.301Z", "user": 1, "content_type": 4, "object_id": "6", "object_repr": "bisolaolulode", "action_flag": 2, "change_message": "[{\"changed\": {\"fields\": [\"First name\", \"Last name\", \"Email address\", \"Groups\"]}}]"}}, {"model": "admin.logentry", "pk": 15, "fields": {"action_time": "2025-07-18T18:02:19.841Z", "user": 1, "content_type": 4, "object_id": "1", "object_repr": "wunmijordan", "action_flag": 2, "change_message": "[{\"added\": {\"name\": \"profile\", \"object\": \"wunmijordan\"}}]"}}, {"model": "admin.logentry", "pk": 16, "fields": {"action_time": "2025-07-19T20:07:44.431Z", "user": 1, "content_type": 4, "object_id": "7", "object_repr": "dotunajayi", "action_flag": 2, "change_message": "[{\"changed\": {\"fields\": [\"First name\", \"Last name\", \"Email address\"]}}]"}}, {"model": "admin.logentry", "pk": 17, "fields": {"action_time": "2025-07-20T00:23:09.504Z", "user": 1, "content_type": 4, "object_id": "4", "object_repr": "min_moyin", "action_flag": 2, "change_message": "[{\"changed\": {\"fields\": [\"First name\", \"Last name\", \"Email address\", \"Groups\"]}}]"}}, {"model": "admin.logentry", "pk": 18, "fields": {"action_time": "2025-07-20T00:24:20.060Z", "user": 1, "content_type": 4, "object_id": "5", "object_repr": "min_temidayo", "action_flag": 2, "change_message": "[{\"changed\": {\"fields\": [\"First name\", \"Last name\", \"Email address\"]}}]"}}, {"model": "admin.logentry", "pk": 19, "fields": {"action_time": "2025-07-20T00:53:59.890Z", "user": 1, "content_type": 4, "object_id": "8", "object_repr": "susanajayi", "action_flag": 2, "change_message": "[{\"changed\": {\"fields\": [\"First name\", \"Last name\", \"Email address\"]}}]"}}, {"model": "admin.logentry", "pk": 20, "fields": {"action_time": "2025-07-20T01:14:54.043Z", "user": 1, "content_type": 4, "object_id": "8", "object_repr": "susanajayi", "action_flag": 2, "change_message": "[{\"changed\": {\"fields\": [\"First name\"]}}]"}}, {"model": "admin.logentry", "pk": 21, "fields": {"action_time": "2025-07-20T05:02:52.313Z", "user": 1, "content_type": 4, "object_id": "10", "object_repr": "abayomiowokoya", "action_flag": 1, "change_message": "[{\"added\": {}}]"}}, {"model": "admin.logentry", "pk": 22, "fields": {"action_time": "2025-07-20T05:03:28.728Z", "user": 1, "content_type": 4, "object_id": "10", "object_repr": "abayomiowokoya", "action_flag": 2, "change_message": "[{\"changed\": {\"fields\": [\"First name\", \"Last name\", \"Email address\", \"Groups\"]}}]"}}, {"model": "admin.logentry", "pk": 23, "fields": {"action_time": "2025-07-21T16:29:36.556Z", "user": 1, "content_type": 4, "object_id": "11", "object_repr": "olakunleidowu", "action_flag": 1, "change_message": "[{\"added\": {}}]"}}, {"model": "admin.logentry", "pk": 24, "fields": {"action_time": "2025-07-21T16:30:07.132Z", "user": 1, "content_type": 4, "object_id": "11", "object_repr": "olakunleidowu", "action_flag": 2, "change_message": "[{\"changed\": {\"fields\": [\"First name\", \"Last name\", \"Email address\", \"Groups\"]}}]"}}, {"model": "admin.logentry", "pk": 25, "fields": {"action_time": "2025-07-21T16:30:49.981Z", "user": 1, "content_type": 4, "object_id": "12", "object_repr": "victoradeyanju", "action_flag": 1, "change_message": "[{\"added\": {}}]"}}, {"model": "admin.logentry", "pk": 26, "fields": {"action_time": "2025-07-21T16:31:13.069Z", "user": 1, "content_type": 4, "object_id": "12", "object_repr": "victoradeyanju", "action_flag": 2, "change_message": "[{\"changed\": {\"fields\": [\"First name\", \"Last name\", \"Email address\", \"Groups\"]}}]"}}, {"model": "admin.logentry", "pk": 27, "fields": {"action_time": "2025-07-21T16:32:53.459Z", "user": 1, "content_type": 4, "object_id": "13", "object_repr": "babatunteolorunfemi", "action_flag": 1, "change_message": "[{\"added\": {}}]"}}, {"model": "admin.logentry", "pk": 28, "fields": {"action_time": "2025-07-21T16:33:14.226Z", "user": 1, "content_type": 4, "object_id": "13", "object_repr": "babatunteolorunfemi", "action_flag": 2, "change_message": "[{\"changed\": {\"fields\": [\"First name\", \"Last name\", \"Email address\", \"Groups\"]}}]"}}, {"model": "admin.logentry", "pk": 29, "fields": {"action_time": "2025-07-21T16:33:54.747Z", "user": 1, "content_type": 4, "object_id": "14", "object_repr": "gbengaoludele", "action_flag": 1, "change_message": "[{\"added\": {}}]"}}, {"model": "admin.logentry", "pk": 30, "fields": {"action_time": "2025-07-21T16:34:13.251Z", "user": 1, "content_type": 4, "object_id": "14", "object_repr": "gbengaoludele", "action_flag": 2, "change_message": "[{\"changed\": {\"fields\": [\"First name\", \"Last name\", \"Email address\", \"Groups\"]}}]"}}, {"model": "admin.logentry", "pk": 31, "fields": {"action_time": "2025-07-21T16:35:16.302Z", "user": 1, "content_type": 4, "object_id": "15", "object_repr": "piuseffiom", "action_flag": 1, "change_message": "[{\"added\": {}}]"}}, {"model": "admin.logentry", "pk": 32, "fields": {"action_time": "2025-07-21T16:35:31.229Z", "user": 1, "content_type": 4, "object_id": "15", "object_repr": "piuseffiom", "action_flag": 2, "change_message": "[{\"changed\": {\"fields\": [\"First name\", \"Last name\", \"Email address\", \"Groups\"]}}]"}}, {"model": "admin.logentry", "pk": 33, "fields": {"action_time": "2025-07-21T16:36:50.097Z", "user": 1, "content_type": 4, "object_id": "16", "object_repr": "tobiolatunji", "action_flag": 1, "change_message": "[{\"added\": {}}]"}}, {"model": "admin.logentry", "pk": 34, "fields": {"action_time": "2025-07-21T16:37:09.662Z", "user": 1, "content_type": 4, "object_id": "16", "object_repr": "tobiolatunji", "action_flag": 2, "change_message": "[{\"changed\": {\"fields\": [\"First name\", \"Last name\", \"Email address\", \"Groups\"]}}]"}}, {"model": "admin.logentry", "pk": 35, "fields": {"action_time": "2025-07-21T16:38:50.736Z", "user": 1, "content_type": 4, "object_id": "17", "object_repr": "blessingolatunji", "action_flag": 1, "change_message": "[{\"added\": {}}]"}}, {"model": "admin.logentry", "pk": 36, "fields": {"action_time": "2025-07-21T16:39:08.117Z", "user": 1, "content_type": 4, "object_id": "17", "object_repr": "blessingolatunji", "action_flag": 2, "change_message": "[{\"changed\": {\"fields\": [\"First name\", \"Last name\", \"Email address\", \"Groups\"]}}]"}}, {"model": "admin.logentry", "pk": 37, "fields": {"action_time": "2025-07-21T16:39:37.152Z", "user": 1, "content_type": 4, "object_id": "18", "object_repr": "rachaeloludele", "action_flag": 1, "change_message": "[{\"added\": {}}]"}}, {"model": "admin.logentry", "pk": 38, "fields": {"action_time": "2025-07-21T16:39:58.950Z", "user": 1, "content_type": 4, "object_id": "18", "object_repr": "rachaeloludele", "action_flag": 2, "change_message": "[{\"changed\": {\"fields\": [\"First name\", \"Last name\", \"Email address\", \"Groups\"]}}]"}}, {"model": "admin.logentry", "pk": 39, "fields": {"action_time": "2025-07-21T16:40:36.149Z", "user": 1, "content_type": 4, "object_id": "19", "object_repr": "tianaolorunfemi", "action_flag": 1, "change_message": "[{\"added\": {}}]"}}, {"model": "admin.logentry", "pk": 40, "fields": {"action_time": "2025-07-21T16:40:55.263Z", "user": 1, "content_type": 4, "object_id": "19", "object_repr": "tianaolorunfemi", "action_flag": 2, "change_message": "[{\"changed\": {\"fields\": [\"First name\", \"Last name\", \"Email address\", \"Groups\"]}}]"}}, {"model": "admin.logentry", "pk": 41, "fields": {"action_time": "2025-07-21T16:47:06.098Z", "user": 1, "content_type": 4, "object_id": "20", "object_repr": "toluwalopeajayi", "action_flag": 1, "change_message": "[{\"added\": {}}]"}}, {"model": "admin.logentry", "pk": 42, "fields": {"action_time": "2025-07-21T16:47:25.761Z", "user": 1, "content_type": 4, "object_id": "20", "object_repr": "toluwalopeajayi", "action_flag": 2, "change_message": "[{\"changed\": {\"fields\": [\"First name\", \"Last name\", \"Email address\", \"Groups\"]}}]"}}, {"model": "admin.logentry", "pk": 43, "fields": {"action_time": "2025-07-21T16:48:00.585Z", "user": 1, "content_type": 4, "object_id": "21", "object_repr": "comfortgabriel", "action_flag": 1, "change_message": "[{\"added\": {}}]"}}, {"model": "admin.logentry", "pk": 44, "fields": {"action_time": "2025-07-21T16:48:19.437Z", "user": 1, "content_type": 4, "object_id": "21", "object_repr": "comfortgabriel", "action_flag": 2, "change_message": "[{\"changed\": {\"fields\": [\"First name\", \"Last name\", \"Email address\", \"Groups\"]}}]"}}, {"model": "admin.logentry", "pk": 45, "fields": {"action_time": "2025-07-21T16:48:52.392Z", "user": 1, "content_type": 4, "object_id": "22", "object_repr": "opeyemibakare", "action_flag": 1, "change_message": "[{\"added\": {}}]"}}, {"model": "admin.logentry", "pk": 46, "fields": {"action_time": "2025-07-21T16:49:06.457Z", "user": 1, "content_type": 4, "object_id": "22", "object_repr": "opeyemibakare", "action_flag": 2, "change_message": "[{\"changed\": {\"fields\": [\"First name\", \"Last name\", \"Email address\", \"Groups\"]}}]"}}, {"model": "admin.logentry", "pk": 47, "fields": {"action_time": "2025-07-21T16:49:46.501Z", "user": 1, "content_type": 4, "object_id": "23", "object_repr": "peacejerry", "action_flag": 1, "change_message": "[{\"added\": {}}]"}}, {"model": "admin.logentry", "pk": 48, "fields": {"action_time": "2025-07-21T16:49:58.780Z", "user": 1, "content_type": 4, "object_id": "23", "object_repr": "peacejerry", "action_flag": 2, "change_message": "[{\"changed\": {\"fields\": [\"First name\", \"Last name\", \"Email address\", \"Groups\"]}}]"}}, {"model": "admin.logentry", "pk": 49, "fields": {"action_time": "2025-07-21T16:50:23.664Z", "user": 1, "content_type": 4, "object_id": "24", "object_repr": "preciousishola", "action_flag": 1, "change_message": "[{\"added\": {}}]"}}, {"model": "admin.logentry", "pk": 50, "fields": {"action_time": "2025-07-21T16:50:38.169Z", "user": 1, "content_type": 4, "object_id": "24", "object_repr": "preciousishola", "action_flag": 2, "change_message": "[{\"changed\": {\"fields\": [\"First name\", \"Last name\", \"Email address\", \"Groups\"]}}]"}}, {"model": "admin.logentry", "pk": 51, "fields": {"action_time": "2025-07-21T16:51:17.649Z", "user": 1, "content_type": 4, "object_id": "25", "object_repr": "timileyinshobayo", "action_flag": 1, "change_message": "[{\"added\": {}}]"}}, {"model": "admin.logentry", "pk": 52, "fields": {"action_time": "2025-07-21T16:51:39.291Z", "user": 1, "content_type": 4, "object_id": "25", "object_repr": "timileyinshobayo", "action_flag": 2, "change_message": "[{\"changed\": {\"fields\": [\"First name\", \"Last name\", \"Email address\", \"Groups\"]}}]"}}, {"model": "admin.logentry", "pk": 53, "fields": {"action_time": "2025-07-21T16:52:13.996Z", "user": 1, "content_type": 4, "object_id": "26", "object_repr": "tiwaladeayanleke", "action_flag": 1, "change_message": "[{\"added\": {}}]"}}, {"model": "admin.logentry", "pk": 54, "fields": {"action_time": "2025-07-21T16:52:37.505Z", "user": 1, "content_type": 4, "object_id": "26", "object_repr": "tiwaladeayanleke", "action_flag": 2, "change_message": "[{\"changed\": {\"fields\": [\"First name\", \"Last name\", \"Email address\", \"Groups\"]}}]"}}, {"model": "auth.group", "pk": 1, "fields": {"name": "Admin", "permissions": [13, 14, 15, 16, 17, 18, 19, 20, 25, 26, 27, 28, 21, 22, 23, 24]}}, {"model": "auth.group", "pk": 2, "fields": {"name": "Team Member", "permissions": [25, 26, 27, 28, 21, 22, 23, 24]}}, {"model": "auth.user", "pk": 1, "fields": {"password": "pbkdf2_sha256$1000000$SlgWuXd4HT6AGasvORcagu$9/KM/8gctPKHH0ea/5BwM3DDZgD1zAHa2LkeSvebEng=", "last_login": "2025-07-21T21:24:35.877Z", "is_superuser": true, "username": "wunmijordan", "first_name": "Wunmi", "last_name": "Jordan", "email": "wunmijordan@gmail.com", "is_staff": true, "is_active": true, "date_joined": "2025-07-17T23:29:07Z", "groups": [], "user_permissions": []}}, {"model": "auth.user", "pk": 2, "fields": {"password": "pbkdf2_sha256$1000000$XJWXvXH4dtDoMfSM0hkzoZ$+dR8CpE7NjGGPJHfCfH2/xoFCGEOdJlRioBQVJtDLm8=", "last_login": "2025-07-21T23:28:30.060Z", "is_superuser": false, "username": "min_ezekiel", "first_name": "Minister", "last_name": "Ezekiel", "email": "baraeden@gmail.com", "is_staff": false, "is_active": true, "date_joined": "2025-07-18T02:38:27Z", "groups": [1], "user_permissions": []}}, {"model": "auth.user", "pk": 3, "fields": {"password": "pbkdf2_sha256$1000000$Cv2H9AZdF47DzAPvb1Bt0W$rd/Wc/jjfrjQ/0Sb+iUOpf7GdXVyR60TkHl2nWopX3w=", "last_login": null, "is_superuser": false, "username": "PAS", "first_name": "", "last_name": "", "email": "", "is_staff": false, "is_active": true, "date_joined": "2025-07-18T02:39:00.916Z", "groups": [], "user_permissions": []}}, {"model": "auth.user", "pk": 4, "fields": {"password": "pbkdf2_sha256$1000000$rD4tzmZ7BXgPVXUl8SKFmK$s1xFjRWtgkp2sBs4xf2U/H7H3rUwiq7+bauBFG62zVk=", "last_login": "2025-07-21T18:41:20.816Z", "is_superuser": false, "username": "min_moyin", "first_name": "Minister", "last_name": "Moyin", "email": "oliveslulu@gmail.com", "is_staff": false, "is_active": true, "date_joined": "2025-07-18T02:39:26Z", "groups": [2], "user_permissions": []}}, {"model": "auth.user", "pk": 5, "fields": {"password": "pbkdf2_sha256$1000000$UnoQ1x5Zl8P4myki4ghTeA$dHjteCDPCxSMFRxVXVCKFaFRLqHU3+8YPkbGGVL2vgo=", "last_login": "2025-07-21T18:53:28.930Z", "is_superuser": false, "username": "min_temidayo", "first_name": "Minister", "last_name": "Temidayo", "email": "temidiayo@gmail.com", "is_staff": false, "is_active": true, "date_joined": "2025-07-18T02:39:47Z", "groups": [], "user_permissions": []}}, {"model": "auth.user", "pk": 6, "fields": {"password": "pbkdf2_sha256$1000000$8OuD9j21aMcuTDEj40xCiT$6eYT2WEWRCnCWab94P3ebr77geXhuLqBoWLrMR9pfVs=", "last_login": "2025-07-19T20:17:49.486Z", "is_superuser": false, "username": "bisolaolulode", "first_name": "Bisola", "last_name": "Olulode", "email": "olulodebisola@gmail.com", "is_staff": false, "is_active": true, "date_joined": "2025-07-18T02:40:07Z", "groups": [2], "user_permissions": []}}, {"model": "auth.user", "pk": 7, "fields": {"password": "pbkdf2_sha256$1000000$CTSYTxcV5JhgxiUo8uktVy$+o2K+phhvyFqyQiOrvgY39zmp333xfsKFFJjMkiQoZY=", "last_login": "2025-07-21T23:28:07.297Z", "is_superuser": false, "username": "dotunajayi", "first_name": "Dotun", "last_name": "Ajayi", "email": "dotunn.ajayi@gmail.com", "is_staff": false, "is_active": true, "date_joined": "2025-07-18T02:40:26Z", "groups": [], "user_permissions": []}}, {"model": "auth.user", "pk": 8, "fields": {"password": "pbkdf2_sha256$1000000$IeW5dwHmLhYEBWTLUHxc4W$yFR3MvcJV+aEiBJcvO5ubeE6btzOMhc+vSEavQCwOsw=", "last_login": "2025-07-20T03:44:15.579Z", "is_superuser": false, "username": "susanajayi", "first_name": "Susan", "last_name": "Ajayi", "email": "obanijesutaiwo97@gmail.com", "is_staff": false, "is_active": true, "date_joined": "2025-07-18T02:41:02Z", "groups": [], "user_permissions": []}}, {"model": "auth.user", "pk": 9, "fields": {"password": "pbkdf2_sha256$1000000$rWTBHUXx9ibGOyEFZH974K$nQVfPUgZFWgwYUlymEpdg3Ul8haeexnCMFe4LlaOGNk=", "last_login": "2025-07-20T04:08:39.556Z", "is_superuser": false, "username": "segunajayi", "first_name": "Segun", "last_name": "Ajayi", "email": "ajayioluwasegun1905@gmail.com", "is_staff": false, "is_active": true, "date_joined": "2025-07-18T02:41:55Z", "groups": [2], "user_permissions": []}}, {"model": "auth.user", "pk": 10, "fields": {"password": "pbkdf2_sha256$1000000$HZCRcggdH07GkddrCaB40Z$ZhLb5xkjGzmT+Nj88MP6urFHFH2X+cLwfGPEI2lPY7A=", "last_login": "2025-07-20T05:03:52.016Z", "is_superuser": false, "username": "abayomiowokoya", "first_name": "Abayomi", "last_name": "Owokoya", "email": "abayomiowokoya@gmail.com", "is_staff": false, "is_active": true, "date_joined": "2025-07-20T05:02:51Z", "groups": [2], "user_permissions": []}}, {"model": "auth.user", "pk": 11, "fields": {"password": "pbkdf2_sha256$1000000$dLFxPBPxy66Gs5qLOozo1A$Y4lqeJ7dNQA5eb1MaFChy5zJ6Apn+VIMW1ptc25BR7g=", "last_login": null, "is_superuser": false, "username": "olakunleidowu", "first_name": "Olakunle", "last_name": "Idowu", "email": "olakunle847@gmail.com", "is_staff": false, "is_active": true, "date_joined": "2025-07-21T16:29:35Z", "groups": [2], "user_permissions": []}}, {"model": "auth.user", "pk": 12, "fields": {"password": "pbkdf2_sha256$1000000$Tubc6nHiucpOt9CIAc7W2O$poXcrIbdOrHeOlc8pVtnmcfkzY0aZf/yHGjeNirT8Ho=", "last_login": null, "is_superuser": false, "username": "victoradeyanju", "first_name": "Victor", "last_name": "Adeyanju", "email": "asktaylorvadeclothing@gmail.com", "is_staff": false, "is_active": true, "date_joined": "2025-07-21T16:30:49Z", "groups": [2], "user_permissions": []}}, {"model": "auth.user", "pk": 13, "fields": {"password": "pbkdf2_sha256$1000000$BneROJGLApk6VoPh6cjOlq$oTeD5LeczZj9XWQPWo9PacAYCQW2F3ro1+Oe/288Pr4=", "last_login": null, "is_superuser": false, "username": "babatunteolorunfemi", "first_name": "Babatunde", "last_name": "Olorunfemi", "email": "olorunfemibabatunde29@gmail.com", "is_staff": false, "is_active": true, "date_joined": "2025-07-21T16:32:52Z", "groups": [2], "user_permissions": []}}, {"model": "auth.user", "pk": 14, "fields": {"password": "pbkdf2_sha256$1000000$xRnmZXhwwp9agDnJciHgrg$NCd5zWnWRSI2XCmO+gZIAzzNkHVoFV0Y8KWkiy0yMEQ=", "last_login": null, "is_superuser": false, "username": "gbengaoludele", "first_name": "Gbenga", "last_name": "Oludele", "email": "gbengaharry@gmail.com", "is_staff": false, "is_active": true, "date_joined": "2025-07-21T16:33:53Z", "groups": [2], "user_permissions": []}}, {"model": "auth.user", "pk": 15, "fields": {"password": "pbkdf2_sha256$1000000$me4byxQzOE169sYjgpbD87$VCe+QLfcjEREZATslSTD+Ux8bGQA5G8tiUyg1Nr9J1Y=", "last_login": null, "is_superuser": false, "username": "piuseffiom", "first_name": "Pius", "last_name": "Effiom", "email": "piuscran@gmail.com", "is_staff": false, "is_active": true, "date_joined": "2025-07-21T16:35:15Z", "groups": [2], "user_permissions": []}}, {"model": "auth.user", "pk": 16, "fields": {"password": "pbkdf2_sha256$1000000$Ek81pPr3IqKeuoYVln4KaY$PdIpp1suRLUCpUHEao9rdcxviU4ioRKKhhjNRBD6O54=", "last_login": null, "is_superuser": false, "username": "tobiolatunji", "first_name": "Tobi", "last_name": "Olatunji", "email": "olatunjitobi10@gmail.com", "is_staff": false, "is_active": true, "date_joined": "2025-07-21T16:36:49Z", "groups": [2], "user_permissions": []}}, {"model": "auth.user", "pk": 17, "fields": {"password": "pbkdf2_sha256$1000000$jxoGrbMKptHNNexN5C38QT$W37IDz4U7Lh8vDULhTOMfokWhg05S3//24QrNj+aCBg=", "last_login": null, "is_superuser": false, "username": "blessingolatunji", "first_name": "Blessing", "last_name": "Olatunji", "email": "blessingolatunjj@gmail.com", "is_staff": false, "is_active": true, "date_joined": "2025-07-21T16:38:49Z", "groups": [2], "user_permissions": []}}, {"model": "auth.user", "pk": 18, "fields": {"password": "pbkdf2_sha256$1000000$dNkoIcDzHBIecYdnP0Haql$GN+hLuCxSOGCVAG6AG686c+VDS0NibgvX/xfHW+va4Y=", "last_login": null, "is_superuser": false, "username": "rachaeloludele", "first_name": "Rachael", "last_name": "Oludele", "email": "rachaelidowu4real@gmail.com", "is_staff": false, "is_active": true, "date_joined": "2025-07-21T16:39:36Z", "groups": [2], "user_permissions": []}}, {"model": "auth.user", "pk": 19, "fields": {"password": "pbkdf2_sha256$1000000$l3sN8auqGPbbQF7yIVRKyv$/ZxHv3pcr2kj0n8bJ6S13XRGheNNbzbF57IKF4teFhI=", "last_login": null, "is_superuser": false, "username": "tianaolorunfemi", "first_name": "Tiana", "last_name": "Olorunfemi", "email": "cawotile@gmail.com", "is_staff": false, "is_active": true, "date_joined": "2025-07-21T16:40:35Z", "groups": [2], "user_permissions": []}}, {"model": "auth.user", "pk": 20, "fields": {"password": "pbkdf2_sha256$1000000$Mp5trKJT9clIZzFGtc3wqk$lK4rd7uICR/D4/NeNAYHGOxGwIO5mtFPGbwyP81vrFg=", "last_login": null, "is_superuser": false, "username": "toluwalopeajayi", "first_name": "Toluwalope", "last_name": "Ajayi", "email": "adebayotoluwalope89@gmail.com", "is_staff": false, "is_active": true, "date_joined": "2025-07-21T16:47:05Z", "groups": [2], "user_permissions": []}}, {"model": "auth.user", "pk": 21, "fields": {"password": "pbkdf2_sha256$1000000$YFJKLHWfnWWxQUqa5XzByI$aPijVOt+QBaOdWTLyPHSPSWu5aM9HoR9hLspimBiCnk=", "last_login": null, "is_superuser": false, "username": "comfortgabriel", "first_name": "Comfort", "last_name": "Gabriel", "email": "comfortgab93@gmail.com", "is_staff": false, "is_active": true, "date_joined": "2025-07-21T16:47:59Z", "groups": [2], "user_permissions": []}}, {"model": "auth.user", "pk": 22, "fields": {"password": "pbkdf2_sha256$1000000$IjjTTIyRS65QlQAKs3kB04$vKqV2XBGLYimdYZf87/DEe0J2Tkjv6TcDzDxxt8oQF4=", "last_login": null, "is_superuser": false, "username": "opeyemibakare", "first_name": "Opeyemi", "last_name": "Bakare", "email": "bakareopeyemi24@gmail.com", "is_staff": false, "is_active": true, "date_joined": "2025-07-21T16:48:51Z", "groups": [2], "user_permissions": []}}, {"model": "auth.user", "pk": 23, "fields": {"password": "pbkdf2_sha256$1000000$jt4yTvEFy2ZbfGNWPguCVv$YxOFdph+JasjHIKnuGxiSVBhEzUta22tqBU1Z1gDTBg=", "last_login": null, "is_superuser": false, "username": "peacejerry", "first_name": "Peace", "last_name": "Jerry", "email": "peacejerry956@gmail.com", "is_staff": false, "is_active": true, "date_joined": "2025-07-21T16:49:45Z", "groups": [2], "user_permissions": []}}, {"model": "auth.user", "pk": 24, "fields": {"password": "pbkdf2_sha256$1000000$bu8qzWkTH1w8Xdy8qXBEj8$LrFZIO/oqUZCzjY0V3KOcEMm5rB2NkI046ePtQ0ayj4=", "last_login": null, "is_superuser": false, "username": "preciousishola", "first_name": "Precious", "last_name": "Ishola", "email": "isholaprecious26@gmail.com", "is_staff": false, "is_active": true, "date_joined": "2025-07-21T16:50:22Z", "groups": [2], "user_permissions": []}}, {"model": "auth.user", "pk": 25, "fields": {"password": "pbkdf2_sha256$1000000$QFQ4ARY8fsZaihtYAb5dzZ$N7T3x+0W6xamXt4TNyam0o6RvImkrkW90qu0gwTjGM4=", "last_login": null, "is_superuser": false, "username": "timileyinshobayo", "first_name": "Timileyin", "last_name": "Shobayo", "email": "oluwatimileyinbecky@gmail.com", "is_staff": false, "is_active": true, "date_joined": "2025-07-21T16:51:16Z", "groups": [2], "user_permissions": []}}, {"model": "auth.user", "pk": 26, "fields": {"password": "pbkdf2_sha256$1000000$VKqAppYXCbJJLCiUauaX8K$XcqeqqXId96GWW3WpNiINmVIMI4RGXtnbmSsBD/rcwU=", "last_login": "2025-07-21T19:58:28.087Z", "is_superuser": false, "username": "tiwaladeayanleke", "first_name": "Tiwalade", "last_name": "Ayanleke", "email": "tiwaladeayanleke@gmail.com", "is_staff": false, "is_active": true, "date_joined": "2025-07-21T16:52:13Z", "groups": [2], "user_permissions": []}}, {"model": "sessions.session", "pk": "2b42hmrfby2rls9nbbjdzfn5qww5c1sa", "fields": {"session_data": ".eJxVjMsOwiAQRf-FtSEUymNcuvcbyAyDUjU0Ke3K-O_SpAvd3nPueYuI21ri1vISJxZnMYjT70aYnrnugB9Y77NMc12XieSuyIM2eZ05vy6H-xco2Ep_OxjYKTJJo7YA7EaDrIghBYt5vCkKiQKBQW3YdwUV97qxBN4m8uLzBempOFw:1udwcX:6daygEMKo_Dd3nZBt0xNP_3l3bFmXhxz5KzpOupo-MA", "expire_date": "2025-08-04T19:56:21.245Z"}}, {"model": "sessions.session", "pk": "91i83kq68umwzjheyxx4aaxu3j84lmic", "fields": {"session_data": ".eJxVjssOwiAURP-FtSWURwsu3fsNhMdFqhWa0qYL478rSU3sds6ZybyQNusS9Vpg1oNHZ0TR6T-zxj0gVeDvJt0ydjkt82BxVfBOC75mD-Nldw8D0ZRY25JYzpmxVjJhhPISGGEqBCUZVZJTKZQgbVAeRE8FdJQFZ7qWcGc7LsV3dIPR5SfoEvOW6lNCRUP6htbLoymL_hlTntbpaLw_wTZJwA:1udzvv:kbULOGTVOjqeGrC5ykenAp36s4eyhNd7Liq6_x2jpKU", "expire_date": "2025-08-04T23:28:35.898Z"}}, {"model": "sessions.session", "pk": "a29xnhd9vym6gca75ws59d0v5tkwj362", "fields": {"session_data": "e30:1ucsJh:jJzUeW7Qj04C5yBePH2Xmas5LU8skU973uvWOTI32lc", "expire_date": "2025-08-01T21:08:29.051Z"}}, {"model": "sessions.session", "pk": "dvzb1is2whxrseq3gqt9jbhlgw76vd3h", "fields": {"session_data": ".eJxVjMsOwiAQRf-FtSEUymNcuvcbyAyDUjU0Ke3K-O_SpAvd3nPueYuI21ri1vISJxZnMYjT70aYnrnugB9Y77NMc12XieSuyIM2eZ05vy6H-xco2Ep_OxjYKTJJo7YA7EaDrIghBYt5vCkKiQKBQW3YdwUV97qxBN4m8uLzBempOFw:1ucddC:6LdBAHLTCDL-BdcnYYn_xHFW5w2kouGlUTLCnlAjVLc", "expire_date": "2025-08-01T05:27:38.882Z"}}, {"model": "guests.guestentry", "pk": 1, "fields": {"picture": "default_guest.jpg", "title": "Chief", "full_name": "Wunmi Jordan", "gender": "male", "phone_number": "09011099449", "email": "wunmijordan@gmail.com", "date_of_birth": null, "marital_status": "Married", "home_address": "15, Olufemi Ajayi Street", "occupation": "", "date_of_visit": "2025-07-18", "purpose_of_visit": "", "channel_of_visit": "", "service_attended": "", "referrer_name": "", "referrer_phone_number": "", "message": "", "status": "Planted", "created_by": 1}}, {"model": "guests.guestentry", "pk": 2, "fields": {"picture": "guest_pictures/x_studio_image.jpg", "title": "Mr.", "full_name": "Adepoju Aderemi", "gender": "male", "phone_number": "09128819563", "email": "", "date_of_birth": null, "marital_status": "Single", "home_address": "", "occupation": "Student", "date_of_visit": "2025-05-25", "purpose_of_visit": "Home Church", "channel_of_visit": "Referral", "service_attended": "Love Lounge", "referrer_name": "", "referrer_phone_number": "", "message": "", "status": "Select Status", "created_by": 7}}, {"model": "guests.guestentry", "pk": 3, "fields": {"picture": "guest_pictures/x_studio_image_1.jpg", "title": "Mr.", "full_name": "Joakim Boateng", "gender": "male", "phone_number": "08146923237", "email": "", "date_of_birth": null, "marital_status": "Single", "home_address": "", "occupation": "", "date_of_visit": "2025-04-19", "purpose_of_visit": "Home Church", "channel_of_visit": "Billboard (Grammar School)", "service_attended": "Supernatural Encounter", "referrer_name": "", "referrer_phone_number": "", "message": "", "status": "Select Status", "created_by": 7}}, {"model": "guests.guestentry", "pk": 4, "fields": {"picture": "guest_pictures/x_studio_image_2.jpg", "title": "Mr.", "full_name": "Thomas", "gender": "male", "phone_number": "09015397393", "email": "", "date_of_birth": null, "marital_status": "Single", "home_address": "River Valley", "occupation": "", "date_of_visit": "2025-03-30", "purpose_of_visit": "Home Church", "channel_of_visit": "Billboard (Grammar School)", "service_attended": "Supernatural Encounter", "referrer_name": "", "referrer_phone_number": "", "message": "", "status": "Select Status", "created_by": 7}}, {"model": "guests.guestentry", "pk": 5, "fields": {"picture": "guest_pictures/x_studio_image_3.jpg", "title": "Mr.", "full_name": "Boluwatife Akindele", "gender": "male", "phone_number": "08114528727", "email": "", "date_of_birth": null, "marital_status": "Single", "home_address": "", "occupation": "", "date_of_visit": "2024-05-05", "purpose_of_visit": "Home Church", "channel_of_visit": "Referral", "service_attended": "Supernatural Encounter", "referrer_name": "", "referrer_phone_number": "", "message": "", "status": "Select Status", "created_by": 7}}, {"model": "guests.guestentry", "pk": 6, "fields": {"picture": "guest_pictures/x_studio_image_4.jpg", "title": "Mr.", "full_name": "Ejemuta Godspower", "gender": "male", "phone_number": "07047886088", "email": "ejemutabrozie1998@gmail.com", "date_of_birth": "1900-05-16", "marital_status": "Single", "home_address": "Cele, Ago Palace Way", "occupation": "Student", "date_of_visit": "2024-03-17", "purpose_of_visit": "Home Church", "channel_of_visit": "Referral", "service_attended": "Supernatural Encounter", "referrer_name": "Mr. Dotun Ajayi", "referrer_phone_number": "09027104215", "message": "", "status": "Select Status", "created_by": 7}}, {"model": "guests.guestentry", "pk": 7, "fields": {"picture": "guest_pictures/x_studio_image_5.jpg", "title": "Mr.", "full_name": "Eboh Joseph", "gender": "male", "phone_number": "08148375621", "email": "", "date_of_birth": null, "marital_status": "Single", "home_address": "Magboro", "occupation": "", "date_of_visit": "2023-10-08", "purpose_of_visit": "Home Church", "channel_of_visit": "Self", "service_attended": "Supernatural Encounter", "referrer_name": "Mr. Dotun Ajayi", "referrer_phone_number": "", "message": "", "status": "Select Status", "created_by": 7}}, {"model": "guests.guestentry", "pk": 8, "fields": {"picture": "guest_pictures/x_studio_image_6.jpg", "title": "Mr.", "full_name": "Majekodunmi Abiola", "gender": "male", "phone_number": "09161330073", "email": "", "date_of_birth": null, "marital_status": "", "home_address": "", "occupation": "", "date_of_visit": "2023-09-24", "purpose_of_visit": "Not Stated", "channel_of_visit": "Referral", "service_attended": "Supernatural Encounter", "referrer_name": "Mr. Dotun Ajayi", "referrer_phone_number": "", "message": "", "status": "Select Status", "created_by": 7}}, {"model": "guests.guestentry", "pk": 9, "fields": {"picture": "guest_pictures/default_guest.jpg", "title": "Ms.", "full_name": "Edmund Praise", "gender": "female", "phone_number": "09061595124", "email": "", "date_of_birth": "1900-07-01", "marital_status": "Single", "home_address": "", "occupation": "", "date_of_visit": "2025-04-27", "purpose_of_visit": "Home Church", "channel_of_visit": "Billboard (Grammar School)", "service_attended": "Supernatural Encounter", "referrer_name": "", "referrer_phone_number": "", "message": "", "status": "Select Status", "created_by": 26}}, {"model": "guests.guestentry", "pk": 10, "fields": {"picture": "guest_pictures/x_studio_image_7.jpg", "title": "Ms.", "full_name": "Funmilayo Folarin", "gender": "female", "phone_number": "09030373517", "email": "", "date_of_birth": "1900-12-01", "marital_status": "Single", "home_address": "1, Babatunde Lageda Street, Omole", "occupation": "", "date_of_visit": "2025-01-26", "purpose_of_visit": "Occasional Visit", "channel_of_visit": "Instagram", "service_attended": "Supernatural Encounter", "referrer_name": "", "referrer_phone_number": "", "message": "", "status": "Select Status", "created_by": 26}}, {"model": "guests.guestentry", "pk": 11, "fields": {"picture": "guest_pictures/x_studio_image.png", "title": "Ms.", "full_name": "Ruth Bibioye", "gender": "female", "phone_number": "08052279643", "email": "", "date_of_birth": null, "marital_status": "Single", "home_address": "", "occupation": "", "date_of_visit": "2025-05-04", "purpose_of_visit": "Home Church", "channel_of_visit": "Billboard (Grammar School)", "service_attended": "Supernatural Encounter", "referrer_name": "", "referrer_phone_number": "", "message": "", "status": "Select Status", "created_by": 26}}, {"model": "guests.guestentry", "pk": 12, "fields": {"picture": "guest_pictures/x_studio_image_8.jpg", "title": "Mrs.", "full_name": "Anuoluwapo Fadoju", "gender": "female", "phone_number": "08093096892", "email": "badmusanuoluwapo16@gmail.com", "date_of_birth": "1900-01-31", "marital_status": "Married", "home_address": "Denro Road, Ojodu-Berger.", "occupation": "Employee", "date_of_visit": "2024-08-01", "purpose_of_visit": "Home Church", "channel_of_visit": "Billboard (Kosoko)", "service_attended": "Midweek Recharge", "referrer_name": "", "referrer_phone_number": "", "message": "", "status": "Select Status", "created_by": 4}}, {"model": "guests.followupreport", "pk": 1, "fields": {"guest": 1, "report_date": "2025-07-20", "notes": "He is interested in joining", "attended_sunday": false, "attended_midweek": false, "created_by": 1, "created_at": "2023-12-31T23:00:00Z"}}, {"model": "guests.followupreport", "pk": 2, "fields": {"guest": 1, "report_date": "2025-07-21", "notes": "He is a Son", "attended_sunday": false, "attended_midweek": false, "created_by": 1, "created_at": "2025-07-21T14:37:20.079Z"}}, {"model": "guests.followupreport", "pk": 3, "fields": {"guest": 2, "report_date": "2025-07-21", "notes": "Pending", "attended_sunday": true, "attended_midweek": true, "created_by": 1, "created_at": "2025-07-21T14:39:26.355Z"}}, {"model": "guests.followupreport", "pk": 4, "fields": {"guest": 3, "report_date": "2025-07-21", "notes": "Pending", "attended_sunday": true, "attended_midweek": false, "created_by": 1, "created_at": "2025-07-21T14:43:33.422Z"}}, {"model": "guests.followupreport", "pk": 5, "fields": {"guest": 4, "report_date": "2025-07-21", "notes": "In-progress", "attended_sunday": true, "attended_midweek": false, "created_by": 1, "created_at": "2025-07-21T14:56:39.010Z"}}, {"model": "guests.followupreport", "pk": 6, "fields": {"guest": 5, "report_date": "2025-07-21", "notes": "Followed-up", "attended_sunday": true, "attended_midweek": false, "created_by": 1, "created_at": "2025-07-21T15:45:11.031Z"}}, {"model": "guests.followupreport", "pk": 7, "fields": {"guest": 6, "report_date": "2025-07-14", "notes": "Yes", "attended_sunday": false, "attended_midweek": false, "created_by": 1, "created_at": "2025-07-21T16:17:48.360Z"}}, {"model": "guests.followupreport", "pk": 8, "fields": {"guest": 9, "report_date": "2025-07-21", "notes": "Noted", "attended_sunday": false, "attended_midweek": true, "created_by": 26, "created_at": "2025-07-21T18:24:23.407Z"}}, {"model": "guests.followupreport", "pk": 9, "fields": {"guest": 12, "report_date": "2025-07-14", "notes": "Planted", "attended_sunday": true, "attended_midweek": false, "created_by": 4, "created_at": "2025-07-21T18:52:33.569Z"}}, {"model": "guests.followupreport", "pk": 10, "fields": {"guest": 12, "report_date": "2025-07-21", "notes": "Done", "attended_sunday": false, "attended_midweek": true, "created_by": 4, "created_at": "2025-07-21T18:53:01.273Z"}}, {"model": "guests.followupreport", "pk": 11, "fields": {"guest": 7, "report_date": "2025-07-22", "notes": "fill out", "attended_sunday": true, "attended_midweek": false, "created_by": 7, "created_at": "2025-07-21T23:21:19.294Z"}}, {"model": "accounts.profile", "pk": 1, "fields": {"user": 1, "image": "profile_pics/wunmijordan/Headshot.jpg"}}, {"model": "accounts.profile", "pk": 2, "fields": {"user": 7, "image": ""}}, {"model": "accounts.profile", "pk": 3, "fields": {"user": 6, "image": ""}}, {"model": "accounts.profile", "pk": 4, "fields": {"user": 2, "image": ""}}, {"model": "accounts.profile", "pk": 5, "fields": {"user": 4, "image": ""}}, {"model": "accounts.profile", "pk": 6, "fields": {"user": 5, "image": ""}}, {"model": "accounts.profile", "pk": 7, "fields": {"user": 8, "image": ""}}, {"model": "accounts.profile", "pk": 8, "fields": {"user": 9, "image": ""}}, {"model": "accounts.profile", "pk": 9, "fields": {"user": 10, "image": ""}}, {"model": "accounts.profile", "pk": 10, "fields": {"user": 11, "image": ""}}, {"model": "accounts.profile", "pk": 11, "fields": {"user": 12, "image": ""}}, {"model": "accounts.profile", "pk": 12, "fields": {"user": 13, "image": ""}}, {"model": "accounts.profile", "pk": 13, "fields": {"user": 14, "image": ""}}, {"model": "accounts.profile", "pk": 14, "fields": {"user": 15, "image": ""}}, {"model": "accounts.profile", "pk": 15, "fields": {"user": 16, "image": ""}}, {"model": "accounts.profile", "pk": 16, "fields": {"user": 17, "image": ""}}, {"model": "accounts.profile", "pk": 17, "fields": {"user": 18, "image": ""}}, {"model": "accounts.profile", "pk": 18, "fields": {"user": 19, "image": ""}}, {"model": "accounts.profile", "pk": 19, "fields": {"user": 20, "image": ""}}, {"model": "accounts.profile", "pk": 20, "fields": {"user": 21, "image": ""}}, {"model": "accounts.profile", "pk": 21, "fields": {"user": 22, "image": ""}}, {"model": "accounts.profile", "pk": 22, "fields": {"user": 23, "image": ""}}, {"model": "accounts.profile", "pk": 23, "fields": {"user": 24, "image": ""}}, {"model": "accounts.profile", "pk": 24, "fields": {"user": 25, "image": ""}}, {"model": "accounts.profile", "pk": 25, "fields": {"user": 26, "image": ""}}]