--
-- PostgreSQL database dump
--

-- Dumped from database version 16.9 (Debian 16.9-1.pgdg120+1)
-- Dumped by pg_dump version 16.9 (Ubuntu 16.9-0ubuntu0.24.04.1)

SET statement_timeout = 0;
SET lock_timeout = 0;
SET idle_in_transaction_session_timeout = 0;
SET client_encoding = 'UTF8';
SET standard_conforming_strings = on;
SELECT pg_catalog.set_config('search_path', '', false);
SET check_function_bodies = false;
SET xmloption = content;
SET client_min_messages = warning;
SET row_security = off;

--
-- Name: public; Type: SCHEMA; Schema: -; Owner: gatewaymagnetapp_db_user
--

-- *not* creating schema, since initdb creates it


ALTER SCHEMA public OWNER TO gatewaymagnetapp_db_user;

SET default_tablespace = '';

SET default_table_access_method = heap;

--
-- Name: accounts_profile; Type: TABLE; Schema: public; Owner: gatewaymagnetapp_db_user
--

CREATE TABLE public.accounts_profile (
    id bigint NOT NULL,
    image character varying(100),
    user_id integer NOT NULL
);


ALTER TABLE public.accounts_profile OWNER TO gatewaymagnetapp_db_user;

--
-- Name: accounts_profile_id_seq; Type: SEQUENCE; Schema: public; Owner: gatewaymagnetapp_db_user
--

ALTER TABLE public.accounts_profile ALTER COLUMN id ADD GENERATED BY DEFAULT AS IDENTITY (
    SEQUENCE NAME public.accounts_profile_id_seq
    START WITH 1
    INCREMENT BY 1
    NO MINVALUE
    NO MAXVALUE
    CACHE 1
);


--
-- Name: auth_group; Type: TABLE; Schema: public; Owner: gatewaymagnetapp_db_user
--

CREATE TABLE public.auth_group (
    id integer NOT NULL,
    name character varying(150) NOT NULL
);


ALTER TABLE public.auth_group OWNER TO gatewaymagnetapp_db_user;

--
-- Name: auth_group_id_seq; Type: SEQUENCE; Schema: public; Owner: gatewaymagnetapp_db_user
--

ALTER TABLE public.auth_group ALTER COLUMN id ADD GENERATED BY DEFAULT AS IDENTITY (
    SEQUENCE NAME public.auth_group_id_seq
    START WITH 1
    INCREMENT BY 1
    NO MINVALUE
    NO MAXVALUE
    CACHE 1
);


--
-- Name: auth_group_permissions; Type: TABLE; Schema: public; Owner: gatewaymagnetapp_db_user
--

CREATE TABLE public.auth_group_permissions (
    id bigint NOT NULL,
    group_id integer NOT NULL,
    permission_id integer NOT NULL
);


ALTER TABLE public.auth_group_permissions OWNER TO gatewaymagnetapp_db_user;

--
-- Name: auth_group_permissions_id_seq; Type: SEQUENCE; Schema: public; Owner: gatewaymagnetapp_db_user
--

ALTER TABLE public.auth_group_permissions ALTER COLUMN id ADD GENERATED BY DEFAULT AS IDENTITY (
    SEQUENCE NAME public.auth_group_permissions_id_seq
    START WITH 1
    INCREMENT BY 1
    NO MINVALUE
    NO MAXVALUE
    CACHE 1
);


--
-- Name: auth_permission; Type: TABLE; Schema: public; Owner: gatewaymagnetapp_db_user
--

CREATE TABLE public.auth_permission (
    id integer NOT NULL,
    name character varying(255) NOT NULL,
    content_type_id integer NOT NULL,
    codename character varying(100) NOT NULL
);


ALTER TABLE public.auth_permission OWNER TO gatewaymagnetapp_db_user;

--
-- Name: auth_permission_id_seq; Type: SEQUENCE; Schema: public; Owner: gatewaymagnetapp_db_user
--

ALTER TABLE public.auth_permission ALTER COLUMN id ADD GENERATED BY DEFAULT AS IDENTITY (
    SEQUENCE NAME public.auth_permission_id_seq
    START WITH 1
    INCREMENT BY 1
    NO MINVALUE
    NO MAXVALUE
    CACHE 1
);


--
-- Name: auth_user; Type: TABLE; Schema: public; Owner: gatewaymagnetapp_db_user
--

CREATE TABLE public.auth_user (
    id integer NOT NULL,
    password character varying(128) NOT NULL,
    last_login timestamp with time zone,
    is_superuser boolean NOT NULL,
    username character varying(150) NOT NULL,
    first_name character varying(150) NOT NULL,
    last_name character varying(150) NOT NULL,
    email character varying(254) NOT NULL,
    is_staff boolean NOT NULL,
    is_active boolean NOT NULL,
    date_joined timestamp with time zone NOT NULL
);


ALTER TABLE public.auth_user OWNER TO gatewaymagnetapp_db_user;

--
-- Name: auth_user_groups; Type: TABLE; Schema: public; Owner: gatewaymagnetapp_db_user
--

CREATE TABLE public.auth_user_groups (
    id bigint NOT NULL,
    user_id integer NOT NULL,
    group_id integer NOT NULL
);


ALTER TABLE public.auth_user_groups OWNER TO gatewaymagnetapp_db_user;

--
-- Name: auth_user_groups_id_seq; Type: SEQUENCE; Schema: public; Owner: gatewaymagnetapp_db_user
--

ALTER TABLE public.auth_user_groups ALTER COLUMN id ADD GENERATED BY DEFAULT AS IDENTITY (
    SEQUENCE NAME public.auth_user_groups_id_seq
    START WITH 1
    INCREMENT BY 1
    NO MINVALUE
    NO MAXVALUE
    CACHE 1
);


--
-- Name: auth_user_id_seq; Type: SEQUENCE; Schema: public; Owner: gatewaymagnetapp_db_user
--

ALTER TABLE public.auth_user ALTER COLUMN id ADD GENERATED BY DEFAULT AS IDENTITY (
    SEQUENCE NAME public.auth_user_id_seq
    START WITH 1
    INCREMENT BY 1
    NO MINVALUE
    NO MAXVALUE
    CACHE 1
);


--
-- Name: auth_user_user_permissions; Type: TABLE; Schema: public; Owner: gatewaymagnetapp_db_user
--

CREATE TABLE public.auth_user_user_permissions (
    id bigint NOT NULL,
    user_id integer NOT NULL,
    permission_id integer NOT NULL
);


ALTER TABLE public.auth_user_user_permissions OWNER TO gatewaymagnetapp_db_user;

--
-- Name: auth_user_user_permissions_id_seq; Type: SEQUENCE; Schema: public; Owner: gatewaymagnetapp_db_user
--

ALTER TABLE public.auth_user_user_permissions ALTER COLUMN id ADD GENERATED BY DEFAULT AS IDENTITY (
    SEQUENCE NAME public.auth_user_user_permissions_id_seq
    START WITH 1
    INCREMENT BY 1
    NO MINVALUE
    NO MAXVALUE
    CACHE 1
);


--
-- Name: django_admin_log; Type: TABLE; Schema: public; Owner: gatewaymagnetapp_db_user
--

CREATE TABLE public.django_admin_log (
    id integer NOT NULL,
    action_time timestamp with time zone NOT NULL,
    object_id text,
    object_repr character varying(200) NOT NULL,
    action_flag smallint NOT NULL,
    change_message text NOT NULL,
    content_type_id integer,
    user_id integer NOT NULL,
    CONSTRAINT django_admin_log_action_flag_check CHECK ((action_flag >= 0))
);


ALTER TABLE public.django_admin_log OWNER TO gatewaymagnetapp_db_user;

--
-- Name: django_admin_log_id_seq; Type: SEQUENCE; Schema: public; Owner: gatewaymagnetapp_db_user
--

ALTER TABLE public.django_admin_log ALTER COLUMN id ADD GENERATED BY DEFAULT AS IDENTITY (
    SEQUENCE NAME public.django_admin_log_id_seq
    START WITH 1
    INCREMENT BY 1
    NO MINVALUE
    NO MAXVALUE
    CACHE 1
);


--
-- Name: django_content_type; Type: TABLE; Schema: public; Owner: gatewaymagnetapp_db_user
--

CREATE TABLE public.django_content_type (
    id integer NOT NULL,
    app_label character varying(100) NOT NULL,
    model character varying(100) NOT NULL
);


ALTER TABLE public.django_content_type OWNER TO gatewaymagnetapp_db_user;

--
-- Name: django_content_type_id_seq; Type: SEQUENCE; Schema: public; Owner: gatewaymagnetapp_db_user
--

ALTER TABLE public.django_content_type ALTER COLUMN id ADD GENERATED BY DEFAULT AS IDENTITY (
    SEQUENCE NAME public.django_content_type_id_seq
    START WITH 1
    INCREMENT BY 1
    NO MINVALUE
    NO MAXVALUE
    CACHE 1
);


--
-- Name: django_migrations; Type: TABLE; Schema: public; Owner: gatewaymagnetapp_db_user
--

CREATE TABLE public.django_migrations (
    id bigint NOT NULL,
    app character varying(255) NOT NULL,
    name character varying(255) NOT NULL,
    applied timestamp with time zone NOT NULL
);


ALTER TABLE public.django_migrations OWNER TO gatewaymagnetapp_db_user;

--
-- Name: django_migrations_id_seq; Type: SEQUENCE; Schema: public; Owner: gatewaymagnetapp_db_user
--

ALTER TABLE public.django_migrations ALTER COLUMN id ADD GENERATED BY DEFAULT AS IDENTITY (
    SEQUENCE NAME public.django_migrations_id_seq
    START WITH 1
    INCREMENT BY 1
    NO MINVALUE
    NO MAXVALUE
    CACHE 1
);


--
-- Name: django_session; Type: TABLE; Schema: public; Owner: gatewaymagnetapp_db_user
--

CREATE TABLE public.django_session (
    session_key character varying(40) NOT NULL,
    session_data text NOT NULL,
    expire_date timestamp with time zone NOT NULL
);


ALTER TABLE public.django_session OWNER TO gatewaymagnetapp_db_user;

--
-- Name: guests_followupreport; Type: TABLE; Schema: public; Owner: gatewaymagnetapp_db_user
--

CREATE TABLE public.guests_followupreport (
    id bigint NOT NULL,
    report_date date NOT NULL,
    notes text NOT NULL,
    created_by_id integer NOT NULL,
    guest_id bigint NOT NULL,
    attended_midweek boolean NOT NULL,
    attended_sunday boolean NOT NULL,
    created_at timestamp with time zone NOT NULL
);


ALTER TABLE public.guests_followupreport OWNER TO gatewaymagnetapp_db_user;

--
-- Name: guests_followupreport_id_seq; Type: SEQUENCE; Schema: public; Owner: gatewaymagnetapp_db_user
--

ALTER TABLE public.guests_followupreport ALTER COLUMN id ADD GENERATED BY DEFAULT AS IDENTITY (
    SEQUENCE NAME public.guests_followupreport_id_seq
    START WITH 1
    INCREMENT BY 1
    NO MINVALUE
    NO MAXVALUE
    CACHE 1
);


--
-- Name: guests_guestentry; Type: TABLE; Schema: public; Owner: gatewaymagnetapp_db_user
--

CREATE TABLE public.guests_guestentry (
    id bigint NOT NULL,
    full_name character varying(100) NOT NULL,
    phone_number character varying(20),
    email character varying(254) NOT NULL,
    date_of_visit date,
    created_by_id integer NOT NULL,
    channel_of_visit character varying(30) NOT NULL,
    date_of_birth character varying,
    status character varying(30) NOT NULL,
    gender character varying(10) NOT NULL,
    home_address text NOT NULL,
    marital_status character varying(20) NOT NULL,
    message text NOT NULL,
    occupation character varying(100) NOT NULL,
    purpose_of_visit character varying(30) NOT NULL,
    referrer_name character varying(100) NOT NULL,
    referrer_phone_number character varying(20) NOT NULL,
    service_attended character varying(50) NOT NULL,
    title character varying(20) NOT NULL,
    picture character varying(100),
    assigned_to_id integer
);


ALTER TABLE public.guests_guestentry OWNER TO gatewaymagnetapp_db_user;

--
-- Name: guests_guestentry_id_seq; Type: SEQUENCE; Schema: public; Owner: gatewaymagnetapp_db_user
--

ALTER TABLE public.guests_guestentry ALTER COLUMN id ADD GENERATED BY DEFAULT AS IDENTITY (
    SEQUENCE NAME public.guests_guestentry_id_seq
    START WITH 1
    INCREMENT BY 1
    NO MINVALUE
    NO MAXVALUE
    CACHE 1
);


--
-- Data for Name: accounts_profile; Type: TABLE DATA; Schema: public; Owner: gatewaymagnetapp_db_user
--

COPY public.accounts_profile (id, image, user_id) FROM stdin;
98		20
102		24
103		25
104		26
83		5
100		22
82		4
80	profile_pics/minezekiel/Minister_Ezekiel.jpg	2
105		27
79	profile_pics/wunmijordan/Headshot.jpg	1
81		3
84		6
85		7
89		11
90		12
92		14
93		15
94		16
95		17
96		18
99		21
97		19
86		8
91		13
101		23
87		9
88		10
\.


--
-- Data for Name: auth_group; Type: TABLE DATA; Schema: public; Owner: gatewaymagnetapp_db_user
--

COPY public.auth_group (id, name) FROM stdin;
1	Admin
2	Team Member
\.


--
-- Data for Name: auth_group_permissions; Type: TABLE DATA; Schema: public; Owner: gatewaymagnetapp_db_user
--

COPY public.auth_group_permissions (id, group_id, permission_id) FROM stdin;
73	1	32
74	1	8
75	1	12
76	1	13
77	1	14
78	1	15
79	1	16
80	1	21
81	1	24
82	1	25
83	1	26
84	1	27
85	1	28
86	1	29
87	1	30
88	1	31
89	2	32
90	2	24
91	2	25
92	2	26
93	2	27
94	2	28
95	2	29
96	2	30
97	2	31
\.


--
-- Data for Name: auth_permission; Type: TABLE DATA; Schema: public; Owner: gatewaymagnetapp_db_user
--

COPY public.auth_permission (id, name, content_type_id, codename) FROM stdin;
1	Can add log entry	1	add_logentry
2	Can change log entry	1	change_logentry
3	Can delete log entry	1	delete_logentry
4	Can view log entry	1	view_logentry
5	Can add permission	2	add_permission
6	Can change permission	2	change_permission
7	Can delete permission	2	delete_permission
8	Can view permission	2	view_permission
9	Can add group	3	add_group
10	Can change group	3	change_group
11	Can delete group	3	delete_group
12	Can view group	3	view_group
13	Can add user	4	add_user
14	Can change user	4	change_user
15	Can delete user	4	delete_user
16	Can view user	4	view_user
17	Can add content type	5	add_contenttype
18	Can change content type	5	change_contenttype
19	Can delete content type	5	delete_contenttype
20	Can view content type	5	view_contenttype
21	Can add session	6	add_session
22	Can change session	6	change_session
23	Can delete session	6	delete_session
24	Can view session	6	view_session
25	Can add guest entry	7	add_guestentry
26	Can change guest entry	7	change_guestentry
27	Can delete guest entry	7	delete_guestentry
28	Can view guest entry	7	view_guestentry
29	Can add follow up report	8	add_followupreport
30	Can change follow up report	8	change_followupreport
31	Can delete follow up report	8	delete_followupreport
32	Can view follow up report	8	view_followupreport
33	Can add profile	9	add_profile
34	Can change profile	9	change_profile
35	Can delete profile	9	delete_profile
36	Can view profile	9	view_profile
\.


--
-- Data for Name: auth_user; Type: TABLE DATA; Schema: public; Owner: gatewaymagnetapp_db_user
--

COPY public.auth_user (id, password, last_login, is_superuser, username, first_name, last_name, email, is_staff, is_active, date_joined) FROM stdin;
22	pbkdf2_sha256$1000000$EpDjxBDL6cm2QwqaLP1Gwx$/rRDM9kLKn09YaGGtAa7rxA/TwoPhmF8PLRo/9i2rV0=	2025-07-24 18:36:47.186349+00	f	comfortgabriel	Comfort	Gabriel	comfortgab93@gmail.com	f	t	2025-07-22 22:51:48+00
6	pbkdf2_sha256$1000000$BGdf6kyzFv34qKzZw5N8I6$ARhOYY0AU8UTSNdOB7tk6IE3TnLQHsEh8+AGC0G17t0=	\N	f	olakunleidowu	Olakunle	Idowu	olakunle847@gmail.com	f	t	2025-07-22 22:25:28+00
3	pbkdf2_sha256$1000000$sa3hg4JuTMTDrclpIqJwlt$uhbzSJg6w09J928rHE0FTnHpB9cNY6P4R2gOPVB0SHc=	\N	f	PAS	Pastor		akintolathinks@gmail.com	f	t	2025-07-22 22:05:43+00
4	pbkdf2_sha256$1000000$rluUCbJjd2i0T9Wki4XT9o$KoMtbPc4oEBgfbEJhw0ge50PsX09a0OduRbZTVbH8ZI=	2025-07-24 22:16:09.57624+00	f	minmoyin	Minister	Moyin	oliveslulu@gmail.com	f	t	2025-07-22 22:07:10+00
7	pbkdf2_sha256$1000000$Qd9fpYAPZiekhMiasLLCnm$IBWiVU2MRUmr4QHagn/MjAy2Bpg3LfHuyHqxgUUm9Ys=	\N	f	victoradeyanju	Victor	Adeyanju	asktaylorvadeclothing@gmail.com	f	t	2025-07-22 22:26:40+00
23	pbkdf2_sha256$1000000$C3zwXN7bxAmMSyRDQaxcOl$l52K0VgBeet1Z/+gLgvgDArWLRmkuQPI+9Tpw359/Nk=	2025-07-23 21:54:14.983229+00	f	opeyemibakare	Opeyemi	Bakare	bakareopeyemi24@gmail.com	f	t	2025-07-22 22:52:50+00
11	pbkdf2_sha256$1000000$QKSXD5wrDabF1Z8qNeVmHw$CXSDBJTgIwKFNFMIT+VdwwgcXbX/oyHZrvxcMkOA+bo=	\N	f	gbengaoludele	Gbenga	Oludele	gbengaharry@gmail.com	f	t	2025-07-22 22:34:16+00
12	pbkdf2_sha256$1000000$qYnUtrR0k9iu2WLrNNHK7s$I1vMgFJd8EWSn4XSIw3noAgwo34olb6AAKQNX9g5g9s=	\N	f	piuseffiom	Pius	Effiom	piuscran@gmail.com	f	t	2025-07-22 22:36:44+00
14	pbkdf2_sha256$1000000$mYHcBxCfiywOe4sMFVitk7$TYYtWQJhf/f+oQc87fidrRuW9rYHQd+SUwQQyFEHshE=	\N	f	tobiolatunji	Tobi	Olatunji	olatunjitobi10@gmail.com	f	t	2025-07-22 22:40:48+00
15	pbkdf2_sha256$1000000$Gye3kjtcSjWUONxDcUBf6l$NrudgvxhzaXR5VvlxbHYweLHBGAGSkx+iAHbumvfFOk=	\N	f	agnesakpan	Agnes	Akpan	agnesaniebiet@gmail.com	f	t	2025-07-22 22:42:14+00
16	pbkdf2_sha256$1000000$DioKt8BuLqlIKK2t4Pcfwa$QEMEDlmzEABplZ5duYDROiOAGM7Bn3iyKeCyqNX/xxU=	\N	f	blessingolatunji	Blessing	Olatunji	blessingolatunjj@gmail.com	f	t	2025-07-22 22:43:47+00
17	pbkdf2_sha256$1000000$vnQKShAgWb8nYqL1RpJZc6$ex/tq+ozn1RcMVYdGjhb8O/WOCkkf783t7e5QAKsYmk=	\N	f	rachaeloludele	Rachael	Oludele	rachaelidowu4real@gmail.com	f	t	2025-07-22 22:44:55+00
18	pbkdf2_sha256$1000000$rXyXq4g5g7qodQxJAeANJ9$NnSJ9SWMGApJ3Ee3v3IvRENhnTT0ToTcR2MWXdcN0Tk=	\N	f	susanajayi	Susan	Ajayi	obanijesutaiwo97@gmail.com	f	t	2025-07-22 22:46:27+00
21	pbkdf2_sha256$1000000$SnYbSoBXwgLyBom9JXeJCz$v5UCSN6nKJkRzQdtARsvtoEjP1hzI2Oz+QLvM9VVCEw=	2025-07-23 01:05:26.128192+00	f	bisolaolulode	Bisola	Olulode	olulodebisola@gmail.com	f	t	2025-07-22 22:49:42+00
20	pbkdf2_sha256$1000000$s5QjPHczpN91hkDVVgVV6y$IQgmwMo+eZnV2U9wNcaKM+hsHoN+K3D2sUxTGGkfxrs=	\N	f	toluwalopeajayi	Toluwalope	Ajayi	adebayotoluwalope89@gmail.com	f	t	2025-07-22 22:48:46+00
9	pbkdf2_sha256$1000000$yoICOhPQ2VMoKHZXWVmRw5$Fy2khjLYlD9dgBDzKOzPyogclP33FXfrYENF6WFXDZU=	\N	f	babatundeolorunfemi	Babatunde	Olorunfemi	olorunfemibabatunde29@gmail.com	f	t	2025-07-22 22:29:12+00
24	pbkdf2_sha256$1000000$pu7PxbUwkniA9rQp0oyYpI$FTxHa1hg+XftJ6HFZgsJ4/yeIvxaz5Vx059WSfIFPrg=	\N	f	peacejerry	Peace	Jerry	peacejerry956@gmail.com	f	t	2025-07-22 22:53:55+00
25	pbkdf2_sha256$1000000$VlIOYime0BZ9pNZOQNrG0U$wSLnDwXugZN9CkVR4+tKu30tUI0o1JLAr28q+KAaNQ0=	\N	f	preciousishola	Precious	Ishola	isholaprecious26@gmail.com	f	t	2025-07-22 22:55:04+00
26	pbkdf2_sha256$1000000$9EjspQ5CpP3aS6Gv76lOjI$cv0PlE7UMEe2jc1z2cPYb/zTK915G1U5vDP8T/X9H0A=	\N	f	timileyinshobayo	Timileyin	Shobayo	oluwatimileyinbecky@gmail.com	f	t	2025-07-22 22:56:15+00
2	pbkdf2_sha256$1000000$s4TSwdmd8j2q35zdLomNl8$OHkEhT04V5LUkk1kC6KdyO3d2IzZuAH883Dp89uY/Nw=	2025-07-24 22:18:11.780117+00	f	minezekiel	Minister	Ezekiel	baraeden@gmail.com	f	t	2025-07-22 22:04:05+00
8	pbkdf2_sha256$1000000$kTkfCMB7j7NwycDyFgzihg$JcKRy1JvfAgyocmzZfkyS8mvgBf82e8IjImtINGe7Tk=	2025-07-23 10:48:01.549447+00	f	abayomiowokoya	Abayomi	Owokoya	abayomiowokoya@gmail.com	f	t	2025-07-22 22:27:51+00
19	pbkdf2_sha256$1000000$JIwMrGWuSFILC6gmIcVKJm$5j8LH9OsI0B+ju0XxVPQVlVcZlzDny5aVRdRO/fsfmU=	2025-07-23 02:06:42.248466+00	f	tianaolorunfemi	Tiana	Olorunfemi	cawotile@gmail.com	f	t	2025-07-22 22:47:38+00
13	pbkdf2_sha256$1000000$UewWZH3lgDYWT8r3HuVX5n$UFp2WVrb1TobETRtmDQuIa0SCQaVbI0CcfMOykdjG6k=	2025-07-23 10:58:15.367078+00	f	segunajayi	Segun	Ajayi	ajayioluwasegun1905@gmail.com	f	t	2025-07-22 22:39:41+00
27	pbkdf2_sha256$1000000$NWMsixLfzBE7q21iZ9U8mZ$3c/xNdfkjRMK2/OVXi5x1GZVF13UxbrRON82mLH439c=	2025-07-24 22:33:41.699433+00	f	tiwaladeayanleke	Tiwalade	Ayanleke	tiwaladeayanleke@gmail.com	f	t	2025-07-22 22:57:24+00
10	pbkdf2_sha256$1000000$JD93qJ1Xco2jFRzGNO3zHq$knsOs/75TubMbQqSi3XpWlihhx3BR3ErxsWb5XehMvs=	2025-07-24 13:31:27.682709+00	f	dotunajayi	Dotun	Ajayi	dotunn.ajayi@gmail.com	f	t	2025-07-22 22:32:13+00
1	pbkdf2_sha256$1000000$jAhr887TjVZTnkQ0JoFKSN$bYOJdEnZxnAp9tJ2bgvZD+mgv6byck1DQogW+lf4C6E=	2025-07-25 22:34:05.182014+00	t	wunmijordan	Wunmi	Jordan	wunmijordan@gmail.com	t	t	2025-07-22 10:40:47+00
5	pbkdf2_sha256$1000000$nCjibaJhd1WHpVuXxwL0Os$Q+Lh4gbg79fNcrvHRm/CjBhmFqKjCiE+CM2PZ3C9pdA=	\N	f	mintemidayo	Minister	Temidayo	temidiayo@gmail.com	f	t	2025-07-22 22:14:40+00
\.


--
-- Data for Name: auth_user_groups; Type: TABLE DATA; Schema: public; Owner: gatewaymagnetapp_db_user
--

COPY public.auth_user_groups (id, user_id, group_id) FROM stdin;
64	2	1
65	3	1
66	4	2
67	5	2
68	6	2
69	8	2
70	9	2
71	10	2
72	11	2
73	12	2
74	13	2
75	14	2
76	15	2
77	16	2
78	17	2
79	18	2
80	19	2
81	20	2
82	21	2
83	22	2
84	23	2
85	24	2
86	25	2
87	26	2
88	27	2
\.


--
-- Data for Name: auth_user_user_permissions; Type: TABLE DATA; Schema: public; Owner: gatewaymagnetapp_db_user
--

COPY public.auth_user_user_permissions (id, user_id, permission_id) FROM stdin;
\.


--
-- Data for Name: django_admin_log; Type: TABLE DATA; Schema: public; Owner: gatewaymagnetapp_db_user
--

COPY public.django_admin_log (id, action_time, object_id, object_repr, action_flag, change_message, content_type_id, user_id) FROM stdin;
1	2025-07-22 20:39:05.526187+00	1	wunmijordan	2	[{"changed": {"fields": ["First name", "Last name"]}}, {"changed": {"name": "profile", "object": "wunmijordan", "fields": ["Image"]}}]	4	1
2	2025-07-22 22:02:02.168253+00	1	Admin	1	[{"added": {}}]	3	1
3	2025-07-22 22:03:22.54539+00	2	Team Member	1	[{"added": {}}]	3	1
4	2025-07-22 22:04:08.8762+00	2	min_ezekiel	1	[{"added": {}}]	4	1
5	2025-07-22 22:05:03.000251+00	2	min_ezekiel	2	[{"changed": {"fields": ["First name", "Last name", "Email address", "Groups"]}}]	4	1
6	2025-07-22 22:05:46.953647+00	3	PAS	1	[{"added": {}}]	4	1
7	2025-07-22 22:06:37.722968+00	3	PAS	2	[{"changed": {"fields": ["First name", "Email address", "Groups"]}}]	4	1
8	2025-07-22 22:07:15.792055+00	4	min_moyin	1	[{"added": {}}]	4	1
9	2025-07-22 22:08:02.610706+00	4	min_moyin	2	[{"changed": {"fields": ["First name", "Last name", "Email address", "Groups"]}}]	4	1
10	2025-07-22 22:14:43.47484+00	5	min_temidayo	1	[{"added": {}}]	4	1
11	2025-07-22 22:16:25.552963+00	5	min_temidayo	2	[{"changed": {"fields": ["First name", "Last name", "Email address", "Groups"]}}]	4	1
12	2025-07-22 22:25:31.757744+00	6	olakunleidowu	1	[{"added": {}}]	4	1
13	2025-07-22 22:26:15.475682+00	6	olakunleidowu	2	[{"changed": {"fields": ["First name", "Last name", "Email address", "Groups"]}}]	4	1
14	2025-07-22 22:26:43.637117+00	7	victoradeyanju	1	[{"added": {}}]	4	1
15	2025-07-22 22:27:26.101534+00	7	victoradeyanju	2	[{"changed": {"fields": ["First name", "Last name", "Email address"]}}]	4	1
16	2025-07-22 22:27:54.875195+00	8	abayomiowokoya	1	[{"added": {}}]	4	1
17	2025-07-22 22:28:30.275825+00	8	abayomiowokoya	2	[{"changed": {"fields": ["First name", "Last name", "Email address", "Groups"]}}]	4	1
18	2025-07-22 22:29:15.956797+00	9	babatunteolorunfemi	1	[{"added": {}}]	4	1
19	2025-07-22 22:29:49.716685+00	9	babatunteolorunfemi	2	[{"changed": {"fields": ["First name", "Last name", "Email address", "Groups"]}}]	4	1
20	2025-07-22 22:32:17.094951+00	10	dotunajayi	1	[{"added": {}}]	4	1
21	2025-07-22 22:32:55.729575+00	10	dotunajayi	2	[{"changed": {"fields": ["First name", "Last name", "Email address", "Groups"]}}]	4	1
22	2025-07-22 22:34:19.617697+00	11	gbengaoludele	1	[{"added": {}}]	4	1
23	2025-07-22 22:35:02.997031+00	11	gbengaoludele	2	[{"changed": {"fields": ["First name", "Last name", "Email address", "Groups"]}}]	4	1
24	2025-07-22 22:36:48.437547+00	12	piuseffiom	1	[{"added": {}}]	4	1
25	2025-07-22 22:37:32.063451+00	12	piuseffiom	2	[{"changed": {"fields": ["First name", "Last name", "Email address", "Groups"]}}]	4	1
26	2025-07-22 22:39:45.124263+00	13	segunajayi	1	[{"added": {}}]	4	1
27	2025-07-22 22:40:21.478835+00	13	segunajayi	2	[{"changed": {"fields": ["First name", "Last name", "Email address", "Groups"]}}]	4	1
28	2025-07-22 22:40:53.245544+00	14	tobiolatunji	1	[{"added": {}}]	4	1
29	2025-07-22 22:41:35.481676+00	14	tobiolatunji	2	[{"changed": {"fields": ["First name", "Last name", "Email address", "Groups"]}}]	4	1
30	2025-07-22 22:42:18.838801+00	15	agnesakpan	1	[{"added": {}}]	4	1
31	2025-07-22 22:43:20.118841+00	15	agnesakpan	2	[{"changed": {"fields": ["First name", "Last name", "Email address", "Groups"]}}]	4	1
32	2025-07-22 22:43:50.19774+00	16	blessingolatunji	1	[{"added": {}}]	4	1
33	2025-07-22 22:44:31.729742+00	16	blessingolatunji	2	[{"changed": {"fields": ["First name", "Last name", "Email address", "Groups"]}}]	4	1
34	2025-07-22 22:44:58.529546+00	17	rachaeloludele	1	[{"added": {}}]	4	1
35	2025-07-22 22:45:49.411863+00	17	rachaeloludele	2	[{"changed": {"fields": ["First name", "Last name", "Email address", "Groups"]}}]	4	1
36	2025-07-22 22:46:30.048237+00	18	susanajayi	1	[{"added": {}}]	4	1
37	2025-07-22 22:47:07.001615+00	18	susanajayi	2	[{"changed": {"fields": ["First name", "Last name", "Email address", "Groups"]}}]	4	1
38	2025-07-22 22:47:41.880103+00	19	tianaolorunfemi	1	[{"added": {}}]	4	1
39	2025-07-22 22:48:20.749608+00	19	tianaolorunfemi	2	[{"changed": {"fields": ["First name", "Last name", "Email address", "Groups"]}}]	4	1
40	2025-07-22 22:48:49.719667+00	20	toluwalopeajayi	1	[{"added": {}}]	4	1
41	2025-07-22 22:49:21.399425+00	20	toluwalopeajayi	2	[{"changed": {"fields": ["First name", "Last name", "Email address", "Groups"]}}]	4	1
42	2025-07-22 22:49:45.238181+00	21	bisolaolulode	1	[{"added": {}}]	4	1
43	2025-07-22 22:50:19.481202+00	21	bisolaolulode	2	[{"changed": {"fields": ["First name", "Last name", "Email address", "Groups"]}}]	4	1
44	2025-07-22 22:51:51.326305+00	22	comfortgabriel	1	[{"added": {}}]	4	1
45	2025-07-22 22:52:21.959555+00	22	comfortgabriel	2	[{"changed": {"fields": ["First name", "Last name", "Email address", "Groups"]}}]	4	1
46	2025-07-22 22:52:54.358761+00	23	opeyemibakare	1	[{"added": {}}]	4	1
47	2025-07-22 22:53:32.571979+00	23	opeyemibakare	2	[{"changed": {"fields": ["First name", "Last name", "Email address", "Groups"]}}]	4	1
48	2025-07-22 22:53:59.479663+00	24	peacejerry	1	[{"added": {}}]	4	1
49	2025-07-22 22:54:38.847732+00	24	peacejerry	2	[{"changed": {"fields": ["First name", "Last name", "Email address", "Groups"]}}]	4	1
50	2025-07-22 22:55:08.442154+00	25	preciousishola	1	[{"added": {}}]	4	1
51	2025-07-22 22:55:48.280643+00	25	preciousishola	2	[{"changed": {"fields": ["First name", "Last name", "Email address", "Groups"]}}]	4	1
52	2025-07-22 22:56:18.785489+00	26	timileyinshobayo	1	[{"added": {}}]	4	1
53	2025-07-22 22:56:59.007721+00	26	timileyinshobayo	2	[{"changed": {"fields": ["First name", "Last name", "Email address", "Groups"]}}]	4	1
54	2025-07-22 22:57:27.279861+00	27	tiwaladeayanleke	1	[{"added": {}}]	4	1
55	2025-07-22 22:58:03.002158+00	27	tiwaladeayanleke	2	[{"changed": {"fields": ["First name", "Last name", "Email address", "Groups"]}}]	4	1
56	2025-07-22 23:10:37.880813+00	1	Wunmi Jordan	2	[{"changed": {"fields": ["Created by"]}}]	7	1
57	2025-07-23 20:21:07.584145+00	12	Blessing Agbons	3		7	1
58	2025-07-23 20:21:07.584242+00	10	Richard ThankGod	3		7	1
59	2025-07-23 20:21:07.584289+00	9	Richard ThankGod	3		7	1
60	2025-07-23 20:21:07.584325+00	8	Richard ThankGod	3		7	1
61	2025-07-23 21:41:14.085769+00	11	Blessing Agbons	2	[{"changed": {"fields": ["Assigned to"]}}]	7	1
62	2025-07-24 00:24:13.539736+00	28	adewunmi	1	[{"added": {}}]	4	1
63	2025-07-24 00:26:17.214953+00	28	wunmi	2	[{"changed": {"fields": ["Username", "Groups"]}}]	4	1
64	2025-07-24 01:15:53.889975+00	9	babatundeolorunfemi	2	[{"changed": {"fields": ["Username"]}}]	4	1
65	2025-07-24 14:12:55.274949+00	28	wunmi	3		4	1
66	2025-07-24 14:14:17.94746+00	2	min_ezekiel	2	[{"changed": {"fields": ["Staff status"]}}]	4	1
67	2025-07-24 14:36:54.956354+00	2	min_ezekiel	2	[{"changed": {"fields": ["Staff status"]}}]	4	1
68	2025-07-24 14:46:10.182131+00	2	min_ezekiel	2	[{"changed": {"name": "profile", "object": "min_ezekiel", "fields": ["Image"]}}]	4	1
69	2025-07-24 17:18:01.609742+00	2	minezekiel	2	[{"changed": {"fields": ["Username"]}}]	4	1
70	2025-07-24 17:19:26.972405+00	4	minmoyin	2	[{"changed": {"fields": ["Username"]}}]	4	1
71	2025-07-24 17:25:44.299592+00	5	mintemidayo	2	[{"changed": {"fields": ["Username"]}}]	4	1
72	2025-07-24 17:48:28.866793+00	310	Chidinma Joy	3		7	1
73	2025-07-24 17:48:28.866877+00	309	Richard ThankGod	3		7	1
74	2025-07-24 17:48:28.866913+00	308	Olajide Samuel	3		7	1
75	2025-07-24 17:48:28.866944+00	307	Peter Praise	3		7	1
76	2025-07-24 17:48:28.866969+00	306	Mr Adepoju Aderemi	3		7	1
77	2025-07-24 17:48:28.866992+00	305	Toluwanimi Gbadebo	3		7	1
78	2025-07-24 17:48:28.867015+00	304	Kingsley Stephenie	3		7	1
79	2025-07-24 17:48:28.867036+00	303	Edmund praise	3		7	1
80	2025-07-24 17:48:28.867056+00	302	Miss Martina Harvina	3		7	1
81	2025-07-24 17:48:28.867076+00	301	Somtochukwu Junior	3		7	1
82	2025-07-24 17:48:28.867097+00	300	Miss FUNMILAYO Folarin	3		7	1
83	2025-07-24 17:48:28.867117+00	299	Joakim	3		7	1
84	2025-07-24 17:48:28.867138+00	298	Miss Gift Afortu	3		7	1
85	2025-07-24 17:48:28.867158+00	297	Richard	3		7	1
86	2025-07-24 17:48:28.867212+00	296	Abutu Emmanuel	3		7	1
87	2025-07-24 17:48:28.867245+00	295	Ruth bibioye	3		7	1
88	2025-07-24 17:48:28.867268+00	294	Awojoba Olarewaju	3		7	1
89	2025-07-24 17:48:28.867289+00	293	Mr Valtentino	3		7	1
90	2025-07-24 17:48:28.86731+00	292	Iremide	3		7	1
91	2025-07-24 17:48:28.86733+00	291	Miss Anyanwu Ekene	3		7	1
92	2025-07-24 17:48:28.867349+00	290	Miss Victory Uyebi	3		7	1
93	2025-07-24 17:48:28.86737+00	289	Miss Esther Okunowo	3		7	1
94	2025-07-24 17:48:28.86739+00	288	Miracle Anthony	3		7	1
95	2025-07-24 17:48:28.867409+00	287	Okoh Anthony	3		7	1
96	2025-07-24 17:48:28.867429+00	286	Godwin Comfort	3		7	1
97	2025-07-24 17:48:28.867449+00	285	Blessing Agbons	3		7	1
98	2025-07-24 17:48:28.86747+00	284	Mrs Adebusuyi	3		7	1
99	2025-07-24 17:48:28.86749+00	283	Mr NDIANA ABASI	3		7	1
100	2025-07-24 17:48:28.86751+00	282	Adeleye Simileoluwa	3		7	1
101	2025-07-24 17:48:28.867529+00	281	Eyitayo Oluwatobi	3		7	1
102	2025-07-24 17:48:28.867549+00	280	Mr Thomas	3		7	1
103	2025-07-24 17:48:28.867568+00	279	Pelumi Babawale	3		7	1
104	2025-07-24 17:48:28.867587+00	278	Oluwole Adewale	3		7	1
105	2025-07-24 17:48:28.867606+00	277	Kolawole Sanusi	3		7	1
106	2025-07-24 17:48:28.867625+00	276	Apieghiechai Vivian	3		7	1
107	2025-07-24 17:48:28.867644+00	275	Stephen ThankGod	3		7	1
108	2025-07-24 17:48:28.867663+00	274	Temidayo Akindoyenu	3		7	1
109	2025-07-24 17:48:28.867683+00	273	Sola Adegboye	3		7	1
110	2025-07-24 17:48:28.867705+00	272	Peace Timinimi	3		7	1
111	2025-07-24 17:48:28.867725+00	271	Abigirl Adedeji	3		7	1
112	2025-07-24 17:48:28.867745+00	270	MR JOEL	3		7	1
113	2025-07-24 17:48:28.867764+00	269	MR TERRY IGA	3		7	1
114	2025-07-24 17:48:28.867784+00	268	Udochukwu Umunna	3		7	1
115	2025-07-24 17:48:28.867803+00	267	Miss Uduak Gift	3		7	1
116	2025-07-24 17:48:28.867823+00	266	Onasola Esther Glory	3		7	1
117	2025-07-24 17:48:28.867842+00	265	Godwin Jimoh	3		7	1
118	2025-07-24 17:48:28.867861+00	264	Sis Hannah	3		7	1
119	2025-07-24 17:48:28.86788+00	263	Tosin Bolarinwa	3		7	1
120	2025-07-24 17:48:28.8679+00	262	AKINNADE AYOMIDE	3		7	1
121	2025-07-24 17:48:28.867919+00	261	Bukola Adedayo	3		7	1
122	2025-07-24 17:48:28.867938+00	260	MR ADEMOLA ADEBUSOYE	3		7	1
123	2025-07-24 17:48:28.867957+00	259	Kehinde Oluwafisayomi	3		7	1
124	2025-07-24 17:48:28.867977+00	258	Peter Prisca Eneware	3		7	1
125	2025-07-24 17:48:28.867997+00	257	Blessing paul	3		7	1
126	2025-07-24 17:48:28.868018+00	256	Olutoye Damilola Ifeoluwa	3		7	1
127	2025-07-24 17:48:28.868039+00	255	Paulina Osague	3		7	1
128	2025-07-24 17:48:28.868058+00	254	Gloria Odufisan	3		7	1
129	2025-07-24 17:48:28.868078+00	253	nifemi racheal	3		7	1
130	2025-07-24 17:48:28.868097+00	252	Dickson Wisdom	3		7	1
131	2025-07-24 17:48:28.868116+00	251	Captain Didymus Otuebe	3		7	1
132	2025-07-24 17:48:28.868135+00	250	Dada Olajumoke Joke	3		7	1
133	2025-07-24 17:48:28.868154+00	249	Bukola Odufisan	3		7	1
134	2025-07-24 17:48:28.868172+00	248	Olowokere Rachael	3		7	1
135	2025-07-24 17:48:28.868191+00	247	Onifade Olaide Gift	3		7	1
136	2025-07-24 17:48:28.86821+00	246	Jimoh Oluwaferanmi	3		7	1
137	2025-07-24 17:48:28.86823+00	245	Titilayo Sunmonu	3		7	1
138	2025-07-24 17:48:28.868249+00	244	Miss Bello Oluwatoyin Olafunke	3		7	1
139	2025-07-24 17:48:28.868268+00	243	Miss Ehimare Fortune	3		7	1
140	2025-07-24 17:48:28.868287+00	242	Goodluck Erhijivwo	3		7	1
141	2025-07-24 17:48:28.868306+00	241	MR GODWIN IREDIA	3		7	1
142	2025-07-24 17:48:28.868325+00	240	Adam Victor	3		7	1
143	2025-07-24 17:48:28.868345+00	239	Comfort Ogunro	3		7	1
144	2025-07-24 17:48:28.868364+00	238	MR TEMITOPE FADOJU	3		7	1
145	2025-07-24 17:48:28.868383+00	237	Sarah Franklin	3		7	1
146	2025-07-24 17:48:28.868402+00	236	Anuoluwapo Fadoju	3		7	1
147	2025-07-24 17:48:28.868421+00	235	Joshson Madubuike	3		7	1
148	2025-07-24 17:48:28.868441+00	234	Adeyanju Samuel Oluwapelumi	3		7	1
149	2025-07-24 17:48:28.868479+00	233	Jesutowo Isaiah	3		7	1
150	2025-07-24 17:48:28.868498+00	232	Akinola Adetumobi	3		7	1
151	2025-07-24 17:48:28.868516+00	231	Peace Williton	3		7	1
152	2025-07-24 17:48:28.868535+00	230	Ekundayo Funmilayo	3		7	1
153	2025-07-24 17:48:28.868554+00	229	David Oluwasanjo	3		7	1
154	2025-07-24 17:48:28.868573+00	228	Ejura Anita	3		7	1
155	2025-07-24 17:48:28.868592+00	227	Olorungbon Mercy	3		7	1
156	2025-07-24 17:48:28.868611+00	226	Roseline Ariyo	3		7	1
157	2025-07-24 17:48:28.86863+00	225	Ogbon Precious	3		7	1
158	2025-07-24 17:48:28.868649+00	224	Martins Oluwaferanmi	3		7	1
159	2025-07-24 17:48:28.868668+00	223	Ogar Sunday	3		7	1
160	2025-07-24 17:48:28.868687+00	222	Salvation John Sampson	3		7	1
161	2025-07-24 17:48:28.868706+00	221	Tanitolorun Florence Toyin	3		7	1
162	2025-07-24 17:48:28.868726+00	220	Aiyedun Abraham Yele	3		7	1
163	2025-07-24 17:48:28.868744+00	219	Okonkwo Kenechukwu Collins	3		7	1
164	2025-07-24 17:48:28.868763+00	218	Chukwuemeka Christian	3		7	1
165	2025-07-24 17:48:28.868782+00	217	Oluwabukola Thomas	3		7	1
166	2025-07-24 17:48:28.868801+00	216	Enobong Akpabio	3		7	1
167	2025-07-24 17:48:28.86882+00	215	Omowunmi	3		7	1
168	2025-07-24 17:48:28.868839+00	214	Osunde Precious Ehi	3		7	1
169	2025-07-24 17:48:28.868858+00	213	Becky Udoh	3		7	1
170	2025-07-24 17:48:28.868877+00	212	Ayodeji Thomas	3		7	1
171	2025-07-24 17:48:28.868896+00	211	Ella Ezeora	3		7	1
172	2025-07-24 17:48:28.868915+00	210	Mr Boluwatiwi Akindele	3		7	1
173	2025-07-24 17:48:28.868934+00	209	HENRY OSE	3		7	1
174	2025-07-24 17:48:28.868953+00	208	Mr CHRISTOPHER OLORUNTOBA SAMUEL	3		7	1
175	2025-07-24 17:48:28.868973+00	207	MR ADENIJI SEGUN	3		7	1
176	2025-07-24 17:48:28.868993+00	206	Mr Victor Ikechukwu Ukanwa	3		7	1
177	2025-07-24 17:48:28.869013+00	205	MR ISAAC IGE	3		7	1
178	2025-07-24 17:48:28.869032+00	204	Mr Omolola TEMITOPE David	3		7	1
179	2025-07-24 17:48:28.869051+00	203	Ikechukwu Okoh	3		7	1
180	2025-07-24 17:48:28.86907+00	202	Miss Adeshina Bisola	3		7	1
181	2025-07-24 17:48:28.869089+00	201	MAYOWA AJAGUNA	3		7	1
182	2025-07-24 17:48:28.869108+00	200	TOSIN LANIYAN	3		7	1
183	2025-07-24 17:48:28.869126+00	199	MR TOSIN LANIYAN	3		7	1
184	2025-07-24 17:48:28.869145+00	198	Abraham Ayotunde	3		7	1
185	2025-07-24 17:48:28.869164+00	197	Susan Emmanuel	3		7	1
186	2025-07-24 17:48:28.869183+00	196	Mr Ejemuta Godspower	3		7	1
187	2025-07-24 17:48:28.869202+00	195	Obajulaye Ifeoluwa Bamitale	3		7	1
188	2025-07-24 17:48:28.869221+00	194	Odunola Joy	3		7	1
189	2025-07-24 17:48:28.86924+00	193	Lasisi Oseyemi	3		7	1
190	2025-07-24 17:48:28.869259+00	192	Oluwaseun Odetokun	3		7	1
191	2025-07-24 17:48:28.869278+00	191	Chukwuemeka Precious Nwokorie	3		7	1
192	2025-07-24 17:48:28.869298+00	190	Oluwadamilola Emilia Sunmonu	3		7	1
193	2025-07-24 17:48:28.869316+00	189	Ifedayo Joshua	3		7	1
194	2025-07-24 17:48:28.869335+00	188	Agbim joan	3		7	1
195	2025-07-24 17:48:28.869354+00	187	Toyosi Ademola	3		7	1
196	2025-07-24 17:48:28.869373+00	186	Adeus Dorcas	3		7	1
197	2025-07-24 17:48:28.869392+00	185	Patrick Uwem	3		7	1
198	2025-07-24 17:48:28.869411+00	184	Joseph Olaitan	3		7	1
199	2025-07-24 17:48:28.86943+00	183	Rejoice Amarachi	3		7	1
200	2025-07-24 17:48:28.869448+00	182	David Solomon	3		7	1
201	2025-07-24 17:48:28.869467+00	181	Udoh Onyoi	3		7	1
202	2025-07-24 17:48:28.869486+00	180	Emmanuel Iyanu	3		7	1
203	2025-07-24 17:48:28.869505+00	179	Oyewole Oyekemi	3		7	1
204	2025-07-24 17:48:28.869523+00	178	MR FOLA AFOLABI	3		7	1
205	2025-07-24 17:48:28.869542+00	177	MR JOSEPH OLUSEGUN	3		7	1
206	2025-07-24 17:48:28.869561+00	176	Miss Promise	3		7	1
207	2025-07-24 17:48:28.86958+00	175	Seyi Ottun Folarin	3		7	1
208	2025-07-24 17:48:28.869598+00	174	Bakare Samson Olakunle	3		7	1
209	2025-07-24 17:48:28.869617+00	173	Kenny	3		7	1
210	2025-07-24 17:48:28.869636+00	172	Tayelolu Ayobami Olayiwola	3		7	1
211	2025-07-24 17:48:28.869654+00	171	Emmanuel Nosiri	3		7	1
212	2025-07-24 17:48:28.869673+00	170	Moyo Ego George	3		7	1
213	2025-07-24 17:48:28.869691+00	169	Okoye Cynthia	3		7	1
214	2025-07-24 17:48:28.86971+00	168	Adenekan Damilola	3		7	1
215	2025-07-24 17:48:28.869729+00	167	Abimbola Damilola	3		7	1
216	2025-07-24 17:48:28.869748+00	166	Nnaji A. Isaac	3		7	1
217	2025-07-24 17:48:28.869767+00	165	Ozioma Peculiar	3		7	1
218	2025-07-24 17:48:28.869786+00	164	Akintelure Esther	3		7	1
219	2025-07-24 17:48:28.869804+00	163	Eunice Bassey	3		7	1
220	2025-07-24 17:48:28.869823+00	162	Peace Jerry	3		7	1
221	2025-07-24 17:48:28.869842+00	161	Ayomide Olawunmi	3		7	1
222	2025-07-24 17:48:28.869861+00	160	Olowookere Oluwapelumi	3		7	1
223	2025-07-24 17:48:28.869879+00	159	Omotola Sheriff	3		7	1
224	2025-07-24 17:48:28.869898+00	158	Grace	3		7	1
225	2025-07-24 17:48:28.869917+00	157	Ajayi Oluwamitogbega	3		7	1
226	2025-07-24 17:48:28.869935+00	156	Lemeh Deborah Nicolasa	3		7	1
227	2025-07-24 17:48:28.869953+00	155	Glory Promise	3		7	1
228	2025-07-24 17:48:28.869973+00	154	Elizabeth	3		7	1
229	2025-07-24 17:48:28.869995+00	153	Opeoluwa Eunice	3		7	1
230	2025-07-24 17:48:28.870014+00	152	Alabi Ebubec	3		7	1
231	2025-07-24 17:48:28.870033+00	151	Folake	3		7	1
232	2025-07-24 17:48:28.870051+00	150	Opeyemi	3		7	1
233	2025-07-24 17:48:28.87007+00	149	Moyo	3		7	1
234	2025-07-24 17:48:28.870088+00	148	Daniel Omobalogun	3		7	1
235	2025-07-24 17:48:28.870106+00	147	Titus Olayemi	3		7	1
236	2025-07-24 17:48:28.870125+00	146	Femi Adeosun	3		7	1
237	2025-07-24 17:48:28.870144+00	145	Elizabeth	3		7	1
238	2025-07-24 17:48:28.870163+00	144	Nohunwan Adesuwa	3		7	1
239	2025-07-24 17:48:28.870181+00	143	Toluwanimi Lazarus	3		7	1
240	2025-07-24 17:48:28.8702+00	142	Mohammed Aisha Indo	3		7	1
241	2025-07-24 17:48:28.870218+00	141	Rachael Babarinde	3		7	1
242	2025-07-24 17:48:28.870236+00	140	Ololade Olanipekun	3		7	1
243	2025-07-24 17:48:28.870255+00	139	Juliet	3		7	1
244	2025-07-24 17:48:28.870274+00	138	Abiola Jesutofunmi Ayofolahan	3		7	1
245	2025-07-24 17:48:28.870293+00	137	Demilade Faluta	3		7	1
246	2025-07-24 17:48:28.870311+00	136	Nidalian	3		7	1
247	2025-07-24 17:48:28.87033+00	135	Gladys Eriamiatoe	3		7	1
248	2025-07-24 17:48:28.870349+00	134	Ogunsanya Lerah	3		7	1
249	2025-07-24 17:48:28.870367+00	133	Asonibare Ayomikun	3		7	1
250	2025-07-24 17:48:28.870386+00	132	Busayo	3		7	1
251	2025-07-24 17:48:28.870405+00	131	Olufunke Abiodun	3		7	1
252	2025-07-24 17:48:28.870424+00	130	Victoria Adesayo	3		7	1
253	2025-07-24 17:48:28.870443+00	129	Oluwatosin Victoria	3		7	1
254	2025-07-24 17:48:28.870462+00	128	Berky Cyril	3		7	1
255	2025-07-24 17:48:28.87048+00	127	Olajumoke Rachel	3		7	1
256	2025-07-24 17:48:28.870499+00	126	Temitayo Ayomide	3		7	1
257	2025-07-24 17:48:28.870519+00	125	Katherine Olufemi	3		7	1
258	2025-07-24 17:48:28.870539+00	124	Olutayo Emmanuel	3		7	1
259	2025-07-24 17:48:28.870558+00	123	Gabriel Wisdom	3		7	1
260	2025-07-24 17:48:28.870649+00	122	Don Daniel	3		7	1
261	2025-07-24 17:48:28.87067+00	121	Kelly Lawrence	3		7	1
262	2025-07-24 17:48:28.870689+00	120	Teniola Ogunleye	3		7	1
263	2025-07-24 17:48:28.870708+00	119	Williams	3		7	1
264	2025-07-24 17:48:28.870727+00	118	Ibekwe Obinna	3		7	1
265	2025-07-24 17:48:28.870746+00	117	Olakunbi	3		7	1
266	2025-07-24 17:48:28.870765+00	116	Adeku Abdulmumini	3		7	1
267	2025-07-24 17:48:28.870783+00	115	Usman Nasir	3		7	1
268	2025-07-24 17:48:28.870802+00	114	Oludele Gbenga	3		7	1
269	2025-07-24 17:48:28.870821+00	113	Orimolade Eniola	3		7	1
270	2025-07-24 17:48:28.870841+00	112	Victor	3		7	1
271	2025-07-24 17:48:28.87086+00	111	Faith Adejobi	3		7	1
272	2025-07-24 17:48:28.870878+00	110	Great Okopi	3		7	1
273	2025-07-24 17:48:28.870897+00	109	Debo	3		7	1
274	2025-07-24 17:48:28.870916+00	108	Fasoyin Folahan	3		7	1
275	2025-07-24 17:48:28.870935+00	107	Samuel Owa	3		7	1
276	2025-07-24 17:48:28.870954+00	106	Chika Nneji	3		7	1
277	2025-07-24 17:48:28.870972+00	105	Olatunji Victoria	3		7	1
278	2025-07-24 17:48:28.870991+00	104	Kpokpogiri Oreva	3		7	1
279	2025-07-24 17:48:28.871009+00	103	Adebayo Deborah	3		7	1
280	2025-07-24 17:48:28.871028+00	102	Emmanuel Anyiemma	3		7	1
281	2025-07-24 17:48:28.871047+00	101	John Itelima	3		7	1
282	2025-07-24 17:48:28.871065+00	100	Collins Otutu	3		7	1
283	2025-07-24 17:48:28.871084+00	99	Ajayi Olamilekan David	3		7	1
284	2025-07-24 17:48:28.871103+00	98	Emmanuel Ehigiator	3		7	1
285	2025-07-24 17:48:28.871122+00	97	Sam	3		7	1
286	2025-07-24 17:48:28.871141+00	96	Leroy Adedamola	3		7	1
287	2025-07-24 17:48:28.871159+00	95	Adetutu	3		7	1
288	2025-07-24 17:48:28.871179+00	94	Ngozi	3		7	1
289	2025-07-24 17:48:28.871198+00	93	Cecelia	3		7	1
290	2025-07-24 17:48:28.871216+00	92	Precious	3		7	1
291	2025-07-24 17:48:28.871235+00	91	Olunuga	3		7	1
292	2025-07-24 17:48:28.871254+00	90	Leah	3		7	1
293	2025-07-24 17:48:28.871272+00	89	Oluwapamilerin	3		7	1
294	2025-07-24 17:48:28.871291+00	88	Kate	3		7	1
295	2025-07-24 17:48:28.871309+00	87	Tanitolorun	3		7	1
296	2025-07-24 17:48:28.871328+00	86	Esther	3		7	1
297	2025-07-24 17:48:28.871346+00	85	Comfort	3		7	1
298	2025-07-24 17:48:28.871364+00	84	Justina Job	3		7	1
299	2025-07-24 17:48:28.871383+00	83	Chekwube	3		7	1
300	2025-07-24 17:48:28.871402+00	82	Osakwe Peace	3		7	1
301	2025-07-24 17:48:28.871421+00	81	Benson Sophia	3		7	1
302	2025-07-24 17:48:28.871439+00	80	Ebunoluwa	3		7	1
303	2025-07-24 17:48:28.871458+00	79	Ajayi Folake	3		7	1
304	2025-07-24 17:48:28.871477+00	78	Omotayo	3		7	1
305	2025-07-24 17:48:28.871499+00	77	Blessing	3		7	1
306	2025-07-24 17:48:28.871518+00	76	Helen Queen	3		7	1
307	2025-07-24 17:48:28.871537+00	75	Opeyemi	3		7	1
308	2025-07-24 17:48:28.871556+00	74	Ikanniwa	3		7	1
309	2025-07-24 17:48:28.871575+00	73	Eboh Joseph	3		7	1
310	2025-07-24 17:48:28.871593+00	72	Majekodunmi Abiola	3		7	1
311	2025-07-24 17:48:28.871612+00	71	Lawal	3		7	1
312	2025-07-24 17:48:28.871631+00	70	Odemuyiwa Temitope	3		7	1
313	2025-07-24 17:48:28.87165+00	69	Tosin Ajayi	3		7	1
314	2025-07-24 17:48:28.871669+00	68	Tolu	3		7	1
315	2025-07-24 17:48:28.871687+00	67	Beverly Martins	3		7	1
316	2025-07-24 17:48:28.871706+00	66	Okoye Stephanie	3		7	1
317	2025-07-24 17:48:28.871725+00	65	Paul Happiness	3		7	1
318	2025-07-24 17:48:28.871744+00	64	Wyse Blessing	3		7	1
319	2025-07-24 17:48:28.871764+00	63	Adedolapo Ojo-Adeniji	3		7	1
320	2025-07-24 17:48:28.871792+00	62	Eke Stephanie	3		7	1
321	2025-07-24 17:48:28.871811+00	61	Susan Oyewole	3		7	1
322	2025-07-24 17:48:28.87183+00	60	Abiodun Susan	3		7	1
323	2025-07-24 17:48:28.871848+00	59	Nancy Dibe	3		7	1
324	2025-07-24 17:48:28.871867+00	58	Hannah Kalu	3		7	1
325	2025-07-24 17:48:28.871885+00	57	John Akingbule	3		7	1
326	2025-07-24 17:48:28.871904+00	56	Olaoluwa Adeleye	3		7	1
327	2025-07-24 17:48:28.871922+00	55	Tunmise Oyedeji	3		7	1
328	2025-07-24 17:48:28.871941+00	54	Olawuji Joshua	3		7	1
329	2025-07-24 17:48:28.87196+00	53	Anita Monjok	3		7	1
330	2025-07-24 17:48:28.871979+00	52	Charity Gabriel	3		7	1
331	2025-07-24 17:48:28.871998+00	51	Badru Matthew	3		7	1
332	2025-07-24 17:48:28.872017+00	50	Yinka Adeyemi	3		7	1
333	2025-07-24 17:48:28.872035+00	49	Amanda Saiki	3		7	1
334	2025-07-24 17:48:28.872054+00	48	Patrick Esther Onyinye	3		7	1
335	2025-07-24 17:48:28.872072+00	47	Juliet Amarachi	3		7	1
336	2025-07-24 17:48:28.872091+00	46	Favour Adamson	3		7	1
337	2025-07-24 17:48:28.872109+00	45	Ayanfejesu Adeleke	3		7	1
338	2025-07-24 17:48:28.872127+00	44	Yewande Omonitemi	3		7	1
339	2025-07-24 17:48:28.872146+00	43	Ogundiran Adeyoola Victoria	3		7	1
340	2025-07-24 17:48:28.872164+00	42	Josephine	3		7	1
341	2025-07-24 17:48:28.872184+00	41	Rachel	3		7	1
342	2025-07-24 17:48:28.872202+00	40	Elo	3		7	1
343	2025-07-24 17:48:28.872221+00	39	Janet	3		7	1
344	2025-07-24 17:48:28.872239+00	38	Miracle	3		7	1
345	2025-07-24 17:48:28.872258+00	37	Tomisin Onasanya	3		7	1
346	2025-07-24 17:48:28.872276+00	36	Adewunmi Onasanya	3		7	1
347	2025-07-24 17:48:28.872295+00	35	Diekolola	3		7	1
348	2025-07-24 17:48:28.872314+00	34	Oluwatunmise	3		7	1
349	2025-07-24 17:48:28.872333+00	33	Oluwarantimisirere	3		7	1
350	2025-07-24 17:48:28.872352+00	32	Dominic Sunday	3		7	1
351	2025-07-24 17:48:28.87237+00	31	Israel Uwagboe	3		7	1
352	2025-07-24 17:48:28.87239+00	30	Oluloye Adetokunbo	3		7	1
353	2025-07-24 17:48:28.872409+00	29	Oyekanmi Are	3		7	1
354	2025-07-24 17:48:28.872445+00	28	Eze David	3		7	1
355	2025-07-24 17:48:28.872467+00	27	Osanyinpeju Oladayo	3		7	1
356	2025-07-24 17:48:28.872489+00	26	Inioluwa Aileru	3		7	1
357	2025-07-24 17:48:28.872511+00	25	Moyo Folarin	3		7	1
358	2025-07-24 17:48:28.872533+00	24	Bunmi Amode	3		7	1
359	2025-07-24 17:48:28.872555+00	23	Debola Amode	3		7	1
360	2025-07-24 17:48:28.872577+00	22	Folashade Emerald	3		7	1
361	2025-07-24 17:48:28.872599+00	21	Olumide Emerald	3		7	1
362	2025-07-24 17:48:28.872621+00	20	Nathaniel Nyong	3		7	1
363	2025-07-24 17:48:28.872643+00	19	Mark Akinowa	3		7	1
364	2025-07-24 17:48:28.872665+00	18	Wunmi Jordan	3		7	1
365	2025-07-24 17:48:28.872687+00	17	Wunmi Jordan	3		7	1
366	2025-07-24 17:48:28.872709+00	16	Wunmi Jordan	3		7	1
367	2025-07-24 17:48:28.872784+00	15	Comfort Ogunro	3		7	1
368	2025-07-24 17:48:28.872819+00	14	Roseline Ariyo	3		7	1
369	2025-07-24 17:48:28.872844+00	13	Kehinde Oluwafisayomi	3		7	1
370	2025-07-24 17:48:28.872867+00	11	Blessing Agbons	3		7	1
371	2025-07-24 17:48:28.872891+00	7	Richard ThankGod	3		7	1
372	2025-07-24 17:48:28.872914+00	5	Adepoju Aderemi	3		7	1
373	2025-07-24 17:48:28.872937+00	3	Stephanie Kingsley	3		7	1
374	2025-07-24 17:48:28.872959+00	2	Chidinma Joy	3		7	1
375	2025-07-24 22:17:26.329178+00	2	minezekiel	2	[{"changed": {"name": "profile", "object": "minezekiel", "fields": ["Image"]}}]	4	1
376	2025-07-24 22:18:44.415692+00	1	wunmijordan	2	[{"changed": {"name": "profile", "object": "wunmijordan", "fields": ["Image"]}}]	4	1
\.


--
-- Data for Name: django_content_type; Type: TABLE DATA; Schema: public; Owner: gatewaymagnetapp_db_user
--

COPY public.django_content_type (id, app_label, model) FROM stdin;
1	admin	logentry
2	auth	permission
3	auth	group
4	auth	user
5	contenttypes	contenttype
6	sessions	session
7	guests	guestentry
8	guests	followupreport
9	accounts	profile
\.


--
-- Data for Name: django_migrations; Type: TABLE DATA; Schema: public; Owner: gatewaymagnetapp_db_user
--

COPY public.django_migrations (id, app, name, applied) FROM stdin;
1	contenttypes	0001_initial	2025-07-22 02:55:18.1159+00
2	auth	0001_initial	2025-07-22 02:55:27.122272+00
3	accounts	0001_initial	2025-07-22 02:55:28.684821+00
4	admin	0001_initial	2025-07-22 02:55:31.234611+00
5	admin	0002_logentry_remove_auto_add	2025-07-22 02:55:31.525977+00
6	admin	0003_logentry_add_action_flag_choices	2025-07-22 02:55:32.535911+00
7	contenttypes	0002_remove_content_type_name	2025-07-22 02:55:34.274496+00
8	auth	0002_alter_permission_name_max_length	2025-07-22 02:55:35.438378+00
9	auth	0003_alter_user_email_max_length	2025-07-22 02:55:36.635474+00
10	auth	0004_alter_user_username_opts	2025-07-22 02:55:37.167217+00
11	auth	0005_alter_user_last_login_null	2025-07-22 02:55:38.755122+00
12	auth	0006_require_contenttypes_0002	2025-07-22 02:55:39.314231+00
13	auth	0007_alter_validators_add_error_messages	2025-07-22 02:55:40.207303+00
14	auth	0008_alter_user_username_max_length	2025-07-22 02:55:41.691756+00
15	auth	0009_alter_user_last_name_max_length	2025-07-22 02:55:42.914718+00
16	auth	0010_alter_group_name_max_length	2025-07-22 02:55:44.114438+00
17	auth	0011_update_proxy_permissions	2025-07-22 02:55:44.778345+00
18	auth	0012_alter_user_first_name_max_length	2025-07-22 02:55:46.274243+00
19	guests	0001_initial	2025-07-22 02:55:48.337206+00
20	guests	0002_guestentry_channel_of_visit_guestentry_date_of_birth_and_more	2025-07-22 02:55:56.485399+00
21	guests	0003_rename_followup_status_guestentry_status	2025-07-22 02:55:57.573153+00
22	guests	0004_guestentry_picture	2025-07-22 02:55:59.203425+00
23	guests	0005_alter_guestentry_gender_and_more	2025-07-22 02:56:01.114489+00
24	guests	0006_alter_guestentry_picture	2025-07-22 02:56:01.809723+00
25	guests	0007_followupreport	2025-07-22 02:56:04.83466+00
26	guests	0008_alter_followupreport_unique_together_and_more	2025-07-22 02:56:07.834045+00
27	sessions	0001_initial	2025-07-22 02:56:09.954894+00
28	guests	0009_guestentry_assigned_to	2025-07-22 23:33:26.83564+00
29	guests	0010_alter_guestentry_assigned_to	2025-07-23 02:43:22.417842+00
30	guests	0011_alter_guestentry_assigned_to	2025-07-23 10:36:23.255579+00
31	guests	0012_alter_guestentry_created_by	2025-07-23 19:37:43.130827+00
32	guests	0013_alter_guestentry_date_of_visit_and_more	2025-07-24 00:00:05.188871+00
33	guests	0014_alter_guestentry_date_of_birth	2025-07-24 08:55:59.380059+00
\.


--
-- Data for Name: django_session; Type: TABLE DATA; Schema: public; Owner: gatewaymagnetapp_db_user
--

COPY public.django_session (session_key, session_data, expire_date) FROM stdin;
u24sw8azq2bck2men4bczwp21cu9am7x	.eJxVjMsOgjAQRf-la2n6oJ3WpXu_oRnoICi2hEJcGP9dSFjo9px7z5sFXJc-rIXmMER2ZpKdflmD7YPSLuId0y3zNqdlHhq-T_hhC7_mSOPl2P4Feiz99iYrameUQ-c1aFc7EE5rTwAKIgkCBB1lh9JLu7PaIogOhPGIjixs0RHLEl40tvlJYcrTOm1dJZSpBFTKsM8XnzdAvg:1ufQzO:WH-n5DXZDYPotGVkN8VgHmWDk9ams0EW4mm2ma6b9B0	2025-07-26 22:34:06.680779+00
qk50f9c1ugrd62n6d9a18r93m63j9csy	.eJxVjksOgjAYhO_StZA-KG1duvcMTR9_LYotoRAWxrsLBhNczsw3k3khbeYp6rnAqDuPzogydDqa1rgHpC3xd5NuuXY5TWNn6w2p97TU1-yhv-zs30A0Ja5tCERYRRqFcXAtXZVQngEwTLxS0rfMEMEklrxVrSEEBwEgPaOUi8CxXUcX6F1-gi4xL2m7iimvsKi-l3tTJv0jhjzMw5Fo0PsD7vhJ7w:1ueipy:NYdgFkyYCOWdi6jSgPCZo95aaPczwfKN3G8ddcgaimA	2025-07-24 23:25:26.58266+00
k3g90w0qbrlyes6kszl892jkbllrsnn6	.eJxVjsEOgjAQRP-Fs5Jl2VLw6N1vaNptsSi2hEI4GP9dSDCR67w3k3lnSs-TV3Nyo-psdskwO_1nRvPThQ3Yhw73mHMM09iZfFPynab8Fq3rr7t7GPA6-bXNphHAsmDXUsUNtYwVApFkYcFRQ6KuCw0WRAkoJTaEgIawJIkrE-vo4nqOL6eSj0vYngKKM8gz0gp7nSb1M4Y4zMPR-HwBiIZI5A:1uewkF:ychQwV3R13Mpg1VRPwjoKXOT1U3r5aapkKW9dyiH6R0	2025-07-25 14:16:27.234884+00
4xjyldm7xb2kckjyt99em1mxzv55lzn0	.eJxVjMsOgjAQRf-la2n6otO6dO83NAMdBMWWUIgL478LCQvdnnPvebOA69KHtdAchsjOTLLTL2uwfVDaRbxjumXe5rTMQ8P3CT9s4dccabwc279Aj6Xf3mSFcbVy6LwG7YwD4bT2BKAgkiBA0FF2KL20OzMWQXQgao_oyMIWHbEs4UVjm58Upjyt09ZVQtWVgEoZ9vkCnzRAvQ:1uexBm:v-ovlr2PP3tgADocTQ7APRtahyAjDDbdrj9OHt9qtc0	2025-07-25 14:44:54.683234+00
356u7wxw23lc0uwaa4naqd8yghnhsy85	.eJxVjkEOgyAURO_iuhJAKNJl9z0D-cCn2FowonHR9O7VxCZ1O-_NZN6VgXmKZi44ms5Xl4rz6vQfWnBPTBvxD0j3TFxO09hZsilkp4Xcssf-uruHgQglrm0qlJJSnhVSYI0NWlGNAZRrtKRaaIZeS44UgSshWNMKVJYF34ZAA5N2HV2wd_mFpsS8pO0q5bKmquZihT2UyfyMIQ_zcDQ-X_njSk8:1uf0oY:MUbGWK3Z1uZwzOCCqr2kkk6KksQrXRLHfpo4ggmzSK8	2025-07-25 18:37:10.474739+00
3iujfhgj3odj86m492o9m05u8e4sszne	.eJxVjkEOgyAURO_iupIvgkCX3fcMBPg_xdaKEY2LpnevJDZpt_PeTOZVWbcu0a6ZZttjda64qk6_oXfhQWMheHfjLbGQxmXuPSsKO2hm14Q0XA73byC6HPc2IOrgfCMFKI0oQJhWKiAhNOdeeUMqtAjYUPBGmw6o4bLDloPUmhuxj240hPQkm2PaxnIVuKxB1bzAweXFfo0pTev0b7w_-MBJ5g:1uf4VY:DOv8zNODx8cbZp1shyO6MCdPEw1ztQk6Xe_hy9Vbouo	2025-07-25 22:33:48.69953+00
hw91dh6lo898n4db3f1xahq68n4l3mtc	.eJxVjMsOgjAQRf-la2n6oJ3WpXu_oRnoICi2hEJcGP9dSFjo9px7z5sFXJc-rIXmMER2ZpKdflmD7YPSLuId0y3zNqdlHhq-T_hhC7_mSOPl2P4Feiz99iYrameUQ-c1aFc7EE5rTwAKIgkCBB1lh9JLu7PaIogOhPGIjixs0RHLEl40tvlJYcrTOm1dJZSpBFTKsM8XnzdAvg:1ufARr:M9ywLReRkRGvhwXX1gfp6ZpH_qcEyQeDkuqEcU7IGlA	2025-07-26 04:54:23.529256+00
3lvimcook1qjoacqv2q480b69snroaf9	.eJxVjMEOgjAQBf-lZ21KS7vFo3e_oVnoYlFsCYVwMP67kGCC1zfz5s0czlNwc6bRdZ5dWMFOx63G5klxA_6B8Z54k-I0djXfFL7TzG_JU3_d3b9AwBzWNxlRWi0t2kqBsqUFYZWqCECCJ0GAoHzRYlEVZttKgyBaELpCtGRgjS7UN-lFLoe0xDUphdRnAWcpV9hjntzPGNIwD0dDs88XapJJFA:1ufB3B:QEUCwrfJddmUZnla-XoKF9yOKjuYaWU_S_jRmg3lYOg	2025-07-26 05:32:57.420999+00
\.


--
-- Data for Name: guests_followupreport; Type: TABLE DATA; Schema: public; Owner: gatewaymagnetapp_db_user
--

COPY public.guests_followupreport (id, report_date, notes, created_by_id, guest_id, attended_midweek, attended_sunday, created_at) FROM stdin;
2	2025-07-24	In Service	22	556	t	f	2025-07-24 18:40:56.031011+00
\.


--
-- Data for Name: guests_guestentry; Type: TABLE DATA; Schema: public; Owner: gatewaymagnetapp_db_user
--

COPY public.guests_guestentry (id, full_name, phone_number, email, date_of_visit, created_by_id, channel_of_visit, date_of_birth, status, gender, home_address, marital_status, message, occupation, purpose_of_visit, referrer_name, referrer_phone_number, service_attended, title, picture, assigned_to_id) FROM stdin;
311	Mark Akinowa	08027055541	markakinowa@gmail.com	\N	8	Self	\N		Male	16, Puposola, Abule Egba 				Home Church			Supernatural Encounter		guest_pictures/default_guest.jpg	\N
312	Nathaniel Nyong	09135280066	nyongnathaniel@gmail.com	\N	7	Not Stated	\N		Male	Magodo Phase 1			Employee	Not Stated			Supernatural Encounter		guest_pictures/default_guest.jpg	\N
313	Olumide Emerald	08034517949		\N	2	Instagram	\N		Male	Ilaje, Yaba				Not Stated			Quantum Leap		guest_pictures/default_guest.jpg	\N
314	Folashade Emerald	08090421999		\N	4	Instagram	\N		Female	Ilaje, Yaba				Not Stated			Quantum Leap		guest_pictures/default_guest.jpg	\N
315	Debola Amode	08034077751		\N	2	Billboard (Ojodu)	\N		Male	Adeoni Estate, Ojodu Berger				Not Stated			Supernatural Encounter		guest_pictures/default_guest.jpg	\N
316	Bunmi Amode	08126516468		\N	4	Billboard (Ojodu)	\N		Female	Adeoni Estate, Ojodu Berger				Not Stated			Supernatural Encounter		guest_pictures/default_guest.jpg	\N
317	Moyo Folarin	09088060557		\N	4	Instagram	\N		Female					Not Stated			Supernatural Encounter		guest_pictures/default_guest.jpg	\N
318	Inioluwa Aileru	08167001481		\N	5	Self	\N		Female	Ogunsola Str, Off Ajayi Road, Ogba, Lagos.				Not Stated			Supernatural Encounter		guest_pictures/default_guest.jpg	\N
319	Osanyinpeju Oladayo	08093137847	osanyinpejuoladayo@gmail.com	\N	5	Referral	\N		Female	41, Ota Road, Orile Agege, Lagos			Employee	Not Stated	Yinka Adeyemi	08133715136	Love Lounge		guest_pictures/default_guest.jpg	\N
320	Eze David	08125819183	ezedavid415@gmail.com	\N	2	Referral	\N		Male	Sangotedo, Ajah				Special Programme Visit	Henry Krypto King	09029217578	Supernatural Encounter		guest_pictures/default_guest.jpg	\N
321	Oyekanmi Are	08158267856	oyekanmiare17@gmail.com	\N	2	Referral	\N		Male	3, Oluseye Are Street, Off Pero Bus Stop, Agege, Lagos				One-Time Visit			Supernatural Encounter		guest_pictures/default_guest.jpg	\N
322	Oluloye Adetokunbo	08135617744	oluloyeade1@gmail.com	\N	2	Referral	\N		Male	Block 16, Plot 6, Farouq Abaoba Opic GRA, Lagos				Occasional Visit	Mrs. Adetokunbo		Supernatural Encounter		guest_pictures/default_guest.jpg	\N
323	Israel Uwagboe	09154106899	uwagboeisrael@gmail.com	\N	2	Billboard (Kosoko)	\N		Male	14, Noble Abute, Ishashi Road				Home Church			Supernatural Encounter		guest_pictures/default_guest.jpg	\N
324	Dominic Sunday	09011021572		\N	2	Billboard (Kosoko)	\N		Male	9, Limpson Road, River Valley Estate, Berger				Not Stated			Supernatural Encounter		guest_pictures/default_guest.jpg	\N
325	Oluwarantimisirere	07064932591		\N	4	Instagram	\N		Female					One-Time Visit			Supernatural Encounter		guest_pictures/default_guest.jpg	\N
326	Oluwatunmise	08060932578		\N	4	Billboard (Grammar School)	\N		Female					Not Stated			Supernatural Encounter		guest_pictures/default_guest.jpg	\N
327	Diekolola	07054404086		\N	4	Billboard (Grammar School)	\N		Female					Not Stated			Quantum Leap		guest_pictures/default_guest.jpg	\N
328	Adewunmi Onasanya	08163077103		\N	4	Referral	\N		Female					Not Stated	Janet	09070735045	Supernatural Encounter		guest_pictures/default_guest.jpg	\N
329	Tomisin Onasanya	08086340659		\N	4	Billboard (Ojodu)	\N		Female					Not Stated			Supernatural Encounter		guest_pictures/default_guest.jpg	\N
330	Miracle	07043357661		\N	4	Self	\N		Male					Not Stated			Supernatural Encounter		guest_pictures/default_guest.jpg	\N
331	Janet	09070735045		\N	4	Billboard (Grammar School)	\N		Female					Not Stated			Life Masterclass		guest_pictures/default_guest.jpg	\N
332	Elo	08183306624		\N	4	Flyer	\N		Female					Not Stated			Supernatural Encounter		guest_pictures/default_guest.jpg	\N
333	Rachel	09164099325		\N	4	Billboard (Grammar School)	\N		Female					Not Stated			Supernatural Encounter		guest_pictures/default_guest.jpg	\N
334	Josephine	09073374831		\N	4	Billboard (Grammar School)	\N		Female					Not Stated			Supernatural Encounter		guest_pictures/default_guest.jpg	\N
335	Ogundiran Adeyoola Victoria	07067915208		\N	4	Referral	\N		Female	University of Lagos				Not Stated	Bro. Prophecy		Love Lounge		guest_pictures/default_guest.jpg	\N
336	Yewande Omonitemi	08038645202		\N	4	Billboard (Grammar School)	\N		Female	River Valley Estate				Not Stated			Supernatural Encounter		guest_pictures/default_guest.jpg	\N
337	Ayanfejesu Adeleke	08062384423		\N	4	Referral	\N		Female	88, Aina Street, Ojodu Berger				Not Stated	Mr. Adeleke		Love Lounge		guest_pictures/default_guest.jpg	\N
338	Favour Adamson	08147826599	favourbeeadamsom@gmail.com	\N	5	Billboard (Ojodu)	\N		Female	Oremeji, Magodo, Lagos				Occasional Visit			Supernatural Encounter		guest_pictures/default_guest.jpg	\N
339	Juliet Amarachi	07088352245	flakylia231@gmail.com	\N	5	Referral	\N		Female	49, Oduwole Compound, Egbeda				Home Church			Supernatural Encounter		guest_pictures/default_guest.jpg	\N
340	Patrick Esther Onyinye	07015903687	estherpatrick97@gmail.com	\N	5	Referral	\N		Female	14, Adeshida Street, Ogudu, Ojota, Lagos				Home Church			Midweek Recharge		guest_pictures/default_guest.jpg	\N
341	Amanda Saiki	09037306011	amandasaiki21@gmail.com	\N	4	Not Stated	\N		Female	Ogidi Close, River Valley Estate				Home Church			Supernatural Encounter		guest_pictures/default_guest.jpg	\N
342	Yinka Adeyemi	08133715136		\N	5	Not Stated	\N		Female	Moses Ogunbeye Street, Olowora, Berger, Lagos				Occasional Visit			Supernatural Encounter		guest_pictures/default_guest.jpg	\N
343	Badru Matthew	07060685529		\N	5	Not Stated	\N		Male					Not Stated			Life Masterclass		guest_pictures/default_guest.jpg	\N
344	Charity Gabriel	08172715757		\N	4	Not Stated	\N		Female					Not Stated			Supernatural Encounter		guest_pictures/default_guest.jpg	\N
345	Anita Monjok	07011130059		\N	5	Not Stated	\N		Female					Not Stated			Life Masterclass		guest_pictures/default_guest.jpg	\N
346	Olawuji Joshua	08146328579		\N	5	Not Stated	\N		Male					One-Time Visit			Supernatural Encounter		guest_pictures/default_guest.jpg	\N
347	Tunmise Oyedeji	08060932578		\N	5	Not Stated	\N		Female					Not Stated			Supernatural Encounter		guest_pictures/default_guest.jpg	\N
348	Olaoluwa Adeleye	07039810948	mrolaoluwa@outlook.com	\N	2	Referral	\N		Male	88, Aina Street, Ojodu				Occasional Visit	Min. Temidayo	07066618460	Supernatural Encounter		guest_pictures/default_guest.jpg	\N
349	John Akingbule	07067640607		\N	2	Billboard (Ojodu)	\N		Male	Ojodu, Berger 				Not Stated			Supernatural Encounter		guest_pictures/default_guest.jpg	\N
350	Hannah Kalu	08039345555		\N	5	Not Stated	\N		Female					Not Stated	Sis. Sola Egbetola		Supernatural Encounter		guest_pictures/default_guest.jpg	\N
351	Nancy Dibe	07063913364		\N	5	Not Stated	\N		Female					Not Stated			Supernatural Encounter		guest_pictures/default_guest.jpg	\N
352	Abiodun Susan	08123359259		\N	5	Not Stated	\N		Female					Not Stated			Supernatural Encounter		guest_pictures/default_guest.jpg	\N
353	Susan Oyewole	08167056247		\N	5	Not Stated	\N		Female					Not Stated	Sis. Busola		Supernatural Encounter		guest_pictures/default_guest.jpg	\N
354	Eke Stephanie	07025565226		\N	5	Not Stated	\N		Female					Not Stated	Bro. Prophecy		Supernatural Encounter		guest_pictures/default_guest.jpg	\N
355	Adedolapo Ojo-Adeniji	08101346785		\N	5	Not Stated	\N		Female					One-Time Visit			Supernatural Encounter		guest_pictures/default_guest.jpg	\N
356	Wyse Blessing	08065605109	blessingwyse1991@gmail.com	\N	5	Not Stated	\N		Female	Agro Bus Stop, Denton, Ojodu Berger 				One-Time Visit	Sis. Eno Beauty		Supernatural Encounter		guest_pictures/default_guest.jpg	\N
357	Paul Happiness	09075086095		\N	5	Not Stated	\N		Female					Not Stated	Mr. Isaac		Supernatural Encounter		guest_pictures/default_guest.jpg	\N
358	Okoye Stephanie	08169610351	anniemacqueen03@gmail.com	\N	5	Billboard (Grammar School)	\N		Female	Bamako Estate, Ojodu				Home Church			Supernatural Encounter		guest_pictures/default_guest.jpg	\N
359	Beverly Martins	08185404246		\N	10	Instagram	\N		Female					Not Stated			Supernatural Encounter		guest_pictures/default_guest.jpg	\N
360	Tolu	08050949067		\N	10	Referral	\N		Male					Not Stated	Ms. Funmilayo	08084628277	Supernatural Encounter		guest_pictures/default_guest.jpg	\N
361	Tosin Ajayi	08052564381		\N	10	Self	\N		Male	River Valley Estate 				Not Stated			Supernatural Encounter		guest_pictures/default_guest.jpg	\N
362	Odemuyiwa Temitope	08140921595		\N	10	Referral	\N		Male					Not Stated	Ms. Moyosore		Supernatural Encounter		guest_pictures/default_guest.jpg	\N
363	Lawal	08131275126		\N	10	Referral	\N		Male					Not Stated	Mr. Olakunle	08133244779	Supernatural Encounter		guest_pictures/default_guest.jpg	\N
365	Eboh Joseph	08148375621		\N	10	Self	\N		Male	Magboro				Home Church			Supernatural Encounter		guest_pictures/default_guest.jpg	\N
366	Ikanniwa	0705727153		\N	18	Billboard (Ojodu)	\N		Female	River Valley Estate 				Not Stated			Supernatural Encounter		guest_pictures/default_guest.jpg	\N
367	Opeyemi			\N	5	Not Stated	\N		Female					Not Stated			Love Lounge		guest_pictures/default_guest.jpg	\N
368	Helen Queen	08096760183		\N	18	Billboard (Ojodu)	\N		Female	Ojodu Berger 				Not Stated			Supernatural Encounter		guest_pictures/default_guest.jpg	\N
369	Blessing	08130233670	ibukunolanireti04@gmail.com	\N	18	Referral	\N		Female	Oshodi				Occasional Visit	Femi		Supernatural Encounter		guest_pictures/default_guest.jpg	\N
370	Omotayo	09064753908		\N	18	Referral	\N		Female	Ogba				Not Stated	Helen	09097870186	Supernatural Encounter		guest_pictures/default_guest.jpg	\N
371	Ajayi Folake	08164874672	ajayifolake2001@gmail.com	\N	18	Not Stated	\N		Female	Limpson, River Valley Estate 				Occasional Visit			Supernatural Encounter		guest_pictures/default_guest.jpg	\N
372	Ebunoluwa	08115500378	ebunkingo0@gmail.com	\N	18	Not Stated	\N		Female	Kodola Street, Ojodu				Not Stated			Supernatural Encounter		guest_pictures/default_guest.jpg	\N
373	Benson Sophia	08156525176	sophiabradon2122@gmail.com	\N	18	Not Stated	\N		Female	5, Ogunbayo Close, Akinbo, Akute Bus Stop, Ogun State 				Not Stated			Supernatural Encounter		guest_pictures/default_guest.jpg	\N
374	Osakwe Peace	09063582876	osakwepeace15@gmail.com	\N	18	Not Stated	\N		Female					Not Stated			Supernatural Encounter		guest_pictures/default_guest.jpg	\N
375	Chekwube			\N	18	Not Stated	\N		Female					Not Stated			Supernatural Encounter		guest_pictures/default_guest.jpg	\N
376	Justina Job	08161840366	justinajobjohnson@gmail.com	\N	18	Referral	\N		Female	5, Bolaji Street, Egan, Igando				Occasional Visit	Elijah Daniel		Recalibrate Marathon		guest_pictures/default_guest.jpg	\N
377	Comfort	09046599515		\N	21	Not Stated	\N		Female					Not Stated			Supernatural Encounter		guest_pictures/default_guest.jpg	\N
378	Esther	08160700708		\N	21	Not Stated	\N		Female					Not Stated			Supernatural Encounter		guest_pictures/default_guest.jpg	\N
379	Tanitolorun	08127749088		\N	21	Referral	\N		Female					Not Stated			Supernatural Encounter		guest_pictures/default_guest.jpg	\N
380	Kate	07084489940		\N	21	Referral	\N		Female					Not Stated	Bro. Abraham Whyte	08064556448	Supernatural Encounter		guest_pictures/default_guest.jpg	\N
381	Oluwapamilerin	08082757578		\N	21	Visit	\N		Female					One-Time Visit			Supernatural Encounter		guest_pictures/default_guest.jpg	\N
382	Leah	08142708695		\N	21	Visit	\N		Female					One-Time Visit			Supernatural Encounter		guest_pictures/default_guest.jpg	\N
383	Olunuga	09128907367		\N	21	Visit	\N		Female					One-Time Visit			Supernatural Encounter		guest_pictures/default_guest.jpg	\N
384	Precious	09168168526		\N	21	Not Stated	\N		Female					Not Stated	Sis. Comfort	09046599515	Supernatural Encounter		guest_pictures/default_guest.jpg	\N
385	Cecelia	08166666787		\N	21	Referral	\N		Female	Ikorodu 				One-Time Visit	Sis. Comfort	09046599515	Supernatural Encounter		guest_pictures/default_guest.jpg	\N
386	Ngozi	08103492278		\N	21	Referral	\N		Female	Berger 				Not Stated			Supernatural Encounter		guest_pictures/default_guest.jpg	\N
387	Adetutu	08066355562		\N	21	Billboard (Ojodu)	\N		Female					Not Stated			Supernatural Encounter		guest_pictures/default_guest.jpg	\N
388	Leroy Adedamola	09094565953		\N	8	Referral	\N		Male	3, Adeolu Egunsola, Abule Egba, Lagos				Occasional Visit	Mr. Olakunle	08133244779	Supernatural Encounter		guest_pictures/default_guest.jpg	\N
389	Sam	09052500289	psalm2g@gmail.com	\N	8	Billboard (Ojodu)	\N		Male	Magodo 				Occasional Visit			Supernatural Encounter		guest_pictures/default_guest.jpg	\N
390	Emmanuel Ehigiator	08136109832		\N	8	Referral	\N		Male	Berger 				Occasional Visit	Sis. Testimony		Supernatural Encounter		guest_pictures/default_guest.jpg	\N
391	Ajayi Olamilekan David	08105964010		\N	8	Referral	\N		Male	Berger				Occasional Visit			Supernatural Encounter		guest_pictures/default_guest.jpg	\N
392	Collins Otutu	08037726423	collinsotutu27@gmail.com	\N	8	Not Stated	\N		Male	Magboro 				Occasional Visit			Supernatural Encounter		guest_pictures/default_guest.jpg	\N
393	John Itelima	08163671220	ijanirien@gmail.com	\N	8	Referral	\N		Male	10/12, Botaniced Garden, Atilebi, Costain				One-Time Visit	Mr. Prophecy	08103917299	Love Lounge		guest_pictures/default_guest.jpg	\N
394	Emmanuel Anyiemma	08060758322	anyiemmaemmanuel001gmail.com	\N	8	Referral	\N		Male	Ajay, Lagos				Occasional Visit			Love Lounge		guest_pictures/default_guest.jpg	\N
395	Adebayo Deborah	08162727076		\N	13	Billboard (Ojodu)	\N		Female	23, Olutola Street, Ojodu Abiodun, Berger				Home Church			Supernatural Encounter		guest_pictures/default_guest.jpg	\N
396	Kpokpogiri Oreva	09054578537		\N	13	Referral	\N		Female					One-Time Visit			Supernatural Encounter		guest_pictures/default_guest.jpg	\N
397	Olatunji Victoria	09157898917		\N	13	Billboard (Ojodu)	\N		Female	Berger, Lagos 				Home Church			Supernatural Encounter		guest_pictures/default_guest.jpg	\N
398	Chika Nneji	08109008136		\N	13	Self	\N		Male					Home Church	Sis. Ezekiel Hope	08101878188	Supernatural Encounter		guest_pictures/default_guest.jpg	\N
399	Samuel Owa	09168336699		\N	13	Billboard (Grammar School)	\N		Male	5, Ifesowapo Close, Alagbole				Home Church	Owa Oluwafemi		Supernatural Encounter		guest_pictures/default_guest.jpg	\N
400	Fasoyin Folahan	08167240113	tfasthy@gmail.com	\N	13	Referral	\N		Male	Ojodu Berger 				Home Church			Supernatural Encounter		guest_pictures/default_guest.jpg	\N
401	Debo	07034795028		\N	13	Billboard (Ojodu)	\N		Male	Ogba, Lagos 				Home Church			Supernatural Encounter		guest_pictures/default_guest.jpg	\N
402	Great Okopi	08158444281	greatakobi60@gmail.com	\N	13	Referral	\N		Male	Akoka				One-Time Visit	Mr. Teni		Love Lounge		guest_pictures/default_guest.jpg	\N
403	Faith Adejobi	09032381488	talk2adejobifaith@gmail.com	\N	13	Billboard (Ojodu)	\N		Female	3, Shoyebi Street, Olowora, Berger				Home Church			Love Lounge		guest_pictures/default_guest.jpg	\N
404	Victor	07066985607		\N	13	Referral	\N		Male	Erin Alaye, Ojodu Berger 				Home Church			Supernatural Encounter		guest_pictures/default_guest.jpg	\N
405	Orimolade Eniola	07069774330	orimoladeeniola65@gmail.com	\N	13	Billboard (Ojodu)	\N		Male	Isheri, Opposite RCCG				Home Church			Supernatural Encounter		guest_pictures/default_guest.jpg	\N
406	Oludele Gbenga	08131100210		\N	9	Billboard (Grammar School)	\N		Male					Not Stated			Supernatural Encounter		guest_pictures/default_guest.jpg	\N
407	Usman Nasir	09038551395		\N	9	Referral	\N		Male	9, Alhaji Hassan Makinde Street, Abule Egba 				Not Stated	Sis. Tiwalade Ayanleke		Supernatural Encounter		guest_pictures/default_guest.jpg	\N
408	Adeku Abdulmumini	08105720262		\N	9	Visit	\N		Male					One-Time Visit			Midweek Recharge		guest_pictures/default_guest.jpg	\N
409	Olakunbi	09118341236		\N	9	Visit	\N		Male					One-Time Visit			Supernatural Encounter		guest_pictures/default_guest.jpg	\N
410	Ibekwe Obinna	08032597682		\N	9	Visit	\N		Male	Abule Egba 				Special Programme Visit			Supernatural Encounter		guest_pictures/default_guest.jpg	\N
411	Williams	08066322917		\N	9	Billboard (Ojodu)	\N		Male	Sabo, Ojodu Area				Not Stated			Supernatural Encounter		guest_pictures/default_guest.jpg	\N
412	Teniola Ogunleye	07025155253	omoteniola01@gmail.com	\N	9	Referral	\N		Male	30, Kikelomo Isashi				Not Stated	Sis. Helen		Supernatural Encounter		guest_pictures/default_guest.jpg	\N
413	Kelly Lawrence	07059616010	kellyibobo@gmail.com	\N	9	Self	\N		Male	10, Kosoko Street, Ojodu Berger 				Not Stated			Love Lounge		guest_pictures/default_guest.jpg	\N
414	Don Daniel	08167321473	dondanieldda@gmail.com	\N	9	Flyer	\N		Male	Berger 				Not Stated			Supernatural Encounter		guest_pictures/default_guest.jpg	\N
415	Gabriel Wisdom	07015384988		\N	9	Referral	\N		Male					Not Stated			Supernatural Encounter		guest_pictures/default_guest.jpg	\N
416	Olutayo Emmanuel	08130701224		\N	9	Referral	\N		Male	58, Agbe Road, Abule Egba, Lagos 				Special Programme Visit	Mrs. Folarin		Supernatural Encounter		guest_pictures/default_guest.jpg	\N
417	Katherine Olufemi	07012325332		\N	19	Referral	\N		Female	River Valley Estate 				Not Stated	Sis. Eniola		Love Lounge		guest_pictures/default_guest.jpg	\N
418	Temitayo Ayomide	08103570072		\N	19	Referral	\N		Female	Ogba				Not Stated			Supernatural Encounter		guest_pictures/default_guest.jpg	\N
419	Olajumoke Rachel	08029671352		\N	19	Billboard (Grammar School)	\N		Female	Badagry				Not Stated			Supernatural Encounter		guest_pictures/default_guest.jpg	\N
420	Berky Cyril	07014994414		\N	19	Referral	\N		Female	Ikoyi 				Occasional Visit	Christiana Olorunfemi		Supernatural Encounter		guest_pictures/default_guest.jpg	\N
421	Oluwatosin Victoria	08022835252		\N	19	Referral	\N		Female	Ojodu Abiodun				Not Stated	Sis. Deborah		Supernatural Encounter		guest_pictures/default_guest.jpg	\N
422	Victoria Adesayo	08132104600		\N	19	Referral	\N		Female	Berger				One-Time Visit			Code Red Revival		guest_pictures/default_guest.jpg	\N
423	Olufunke Abiodun	08150793245		\N	19	Flyer	\N		Female	Arepo				Occasional Visit			Midweek Recharge		guest_pictures/default_guest.jpg	\N
424	Busayo	08162725722		\N	19	Referral	\N		Female	Ipaja				Special Programme Visit			Quantum Leap		guest_pictures/default_guest.jpg	\N
425	Asonibare Ayomikun	08124076098		\N	19	Referral	\N		Female	Ogba				Not Stated			Supernatural Encounter		guest_pictures/default_guest.jpg	\N
426	Ogunsanya Lerah	08161625566		\N	19	Referral	\N		Female	Ayobo				Occasional Visit	Sis. Helen		Supernatural Encounter		guest_pictures/default_guest.jpg	\N
427	Gladys Eriamiatoe	08033502481		\N	19	Billboard (Ojodu)	\N		Female	Ojodu				Occasional Visit			Midweek Recharge		guest_pictures/default_guest.jpg	\N
428	Nidalian	07080023211	gracenidalian@gmail.com	\N	19	Self	\N		Female	Ikorodu				Home Church	Sis. Nicolasa		Supernatural Encounter		guest_pictures/default_guest.jpg	\N
429	Demilade Faluta	08109148055		\N	19	Referral	\N		Female	Ikorodu				Occasional Visit	Sis. Adeola		Supernatural Encounter		guest_pictures/default_guest.jpg	\N
430	Abiola Jesutofunmi Ayofolahan	09056257546		\N	19	Billboard (Ojodu)	\N		Female	Ojodu Berger				Home Church			Supernatural Encounter		guest_pictures/default_guest.jpg	\N
431	Juliet	09073540222		\N	19	Billboard (Ojodu)	\N		Female	Berger				Occasional Visit			Midweek Recharge		guest_pictures/default_guest.jpg	\N
432	Ololade Olanipekun	09012266954		\N	19	Referral	\N		Female	Surulere				Occasional Visit	Sis. Comfort		Supernatural Encounter		guest_pictures/default_guest.jpg	\N
433	Rachael Babarinde	09060397276		\N	19	Referral	\N		Female	Berger				Home Church	Mr. & Mrs. Folarin		Supernatural Encounter		guest_pictures/default_guest.jpg	\N
434	Mohammed Aisha Indo	08068675789		\N	19	Referral	\N		Female	17, Mojisola Street, Ogba, Lagos				Home Church	Sis. Esther		Supernatural Encounter		guest_pictures/default_guest.jpg	\N
435	Toluwanimi Lazarus	07084729409		\N	19	Billboard (Ojodu)	\N		Female					Not Stated			Supernatural Encounter		guest_pictures/default_guest.jpg	\N
436	Nohunwan Adesuwa	08053327774		\N	19	Not Stated	\N		Female	6, Dapson Street, Ogba				Not Stated			Supernatural Encounter		guest_pictures/default_guest.jpg	\N
437	Elizabeth	08076285910		\N	19	Referral	\N		Female	River Valley				Home Church			Supernatural Encounter		guest_pictures/default_guest.jpg	\N
438	Femi Adeosun	08088999280		\N	1	Flyer	\N		Male	Ojodu Berger				One-Time Visit			Supernatural Encounter		guest_pictures/default_guest.jpg	\N
439	Titus Olayemi	08067411465		\N	1	Referral	\N		Male	Sparklight Estate, Opic				Occasional Visit			Supernatural Encounter		guest_pictures/default_guest.jpg	\N
440	Daniel Omobalogun	08079116007		\N	1	Referral	\N		Male					Home Church	Sis. Beauty		Supernatural Encounter		guest_pictures/default_guest.jpg	\N
441	Moyo	08101788477		\N	1	Flyer	\N		Female	Ogba				Not Stated			Supernatural Encounter		guest_pictures/default_guest.jpg	\N
442	Opeyemi	08130648897		\N	1	Not Stated	\N		Female	Akiode, Ojodu Berger				Not Stated			Supernatural Encounter		guest_pictures/default_guest.jpg	\N
443	Folake	08150793245		\N	1	Self	\N		Female	Lambe, Akute				Not Stated			Love Lounge		guest_pictures/default_guest.jpg	\N
444	Alabi Ebubec	08024284137		\N	1	Not Stated	\N		Female					Not Stated			Supernatural Encounter		guest_pictures/default_guest.jpg	\N
445	Opeoluwa Eunice	09066876465		\N	1	Referral	\N		Female	Denro Ishashe, Ogun State				Occasional Visit			Supernatural Encounter		guest_pictures/default_guest.jpg	\N
446	Elizabeth	07068693169		\N	1	Not Stated	\N		Female					Not Stated			Love Lounge		guest_pictures/default_guest.jpg	\N
447	Glory Promise	08147336966		\N	1	Referral	\N		Female	Olowora, Berger				Not Stated	Goodness	08128475420	Love Lounge		guest_pictures/default_guest.jpg	\N
448	Lemeh Deborah Nicolasa	08144107822		\N	1	Billboard (Ojodu)	\N		Female	Ipaja				Occasional Visit			Love Lounge		guest_pictures/default_guest.jpg	\N
449	Ajayi Oluwamitogbega	08102456464		\N	1	Not Stated	\N		Female	Omole Phase 2				Not Stated			Love Lounge		guest_pictures/default_guest.jpg	\N
450	Grace	09031290109		\N	1	Not Stated	\N		Female	Olowora				Not Stated			Supernatural Encounter		guest_pictures/default_guest.jpg	\N
451	Omotola Sheriff	08171060618		\N	1	Visit	\N		Female	Ikorodu				One-Time Visit	Bro. Toba & Mrs. Adeleke		Supernatural Encounter		guest_pictures/default_guest.jpg	\N
452	Olowookere Oluwapelumi	08136698430		\N	1	Visit	\N		Female					Occasional Visit	Sis. Nike		Supernatural Encounter		guest_pictures/default_guest.jpg	\N
453	Ayomide Olawunmi	07025276520		\N	1	Referral	\N		Female	Ojodu Berger				Home Church	Rotimi		Supernatural Encounter		guest_pictures/default_guest.jpg	\N
454	Peace Jerry	08078674510		\N	1	Instagram	\N		Female					Occasional Visit			Supernatural Encounter		guest_pictures/default_guest.jpg	\N
455	Eunice Bassey	09028161795		\N	1	Not Stated	\N		Female					One-Time Visit			Supernatural Encounter		guest_pictures/default_guest.jpg	\N
456	Akintelure Esther	08101855035		\N	1	Not Stated	\N		Female					Not Stated			Supernatural Encounter		guest_pictures/default_guest.jpg	\N
457	Ozioma Peculiar	08165832918		\N	1	Not Stated	\N		Male					Not Stated			Supernatural Encounter		guest_pictures/default_guest.jpg	\N
458	Nnaji A. Isaac	08030619851	nnajiAnayoisaac@gmail.com	\N	1	Not Stated	\N		Male	Liberty City, Ojodu Berger, Lagos				Not Stated			Supernatural Encounter		guest_pictures/default_guest.jpg	\N
459	Abimbola Damilola	08101616543	the_ademoladamilola@yahoo.com	\N	1	Not Stated	\N		Male					Not Stated			Supernatural Encounter		guest_pictures/default_guest.jpg	\N
460	Adenekan Damilola	09034763731		\N	1	Not Stated	\N		Female	Berger				Not Stated			Supernatural Encounter		guest_pictures/default_guest.jpg	\N
461	Okoye Cynthia	07081042057		\N	1	Not Stated	\N		Female					Not Stated			Supernatural Encounter		guest_pictures/default_guest.jpg	\N
462	Moyo Ego George	08062441380	moyo.tiffmedia@gmail.com	\N	1	Self	\N		Male	10, Alhaji Bakare Close, Oke-Ira, Ogba				Occasional Visit			Supernatural Encounter		guest_pictures/default_guest.jpg	\N
463	Emmanuel Nosiri	08036362924		\N	1	Not Stated	\N		Male					Not Stated			Supernatural Encounter		guest_pictures/default_guest.jpg	\N
464	Tayelolu Ayobami Olayiwola	07088867396		\N	1	Self	\N		Male	Ojodu				Occasional Visit			Supernatural Encounter		guest_pictures/default_guest.jpg	\N
465	Kenny	08112683240		\N	13	Billboard (Ojodu)	\N		Male	Magboro 			Employee	Home Church			Family Hangout		guest_pictures/default_guest.jpg	\N
466	Bakare Samson Olakunle	09128019874	djnosams@gmaol.com	\N	13	Billboard (Grammar School)	\N		Male	8, Wilson street Ijede Road, Ikorodu 				Home Church			Supernatural Encounter		guest_pictures/default_guest.jpg	\N
467	Seyi Ottun Folarin	07061004080		\N	2	Billboard (Ojodu)	\N		Male	Ojodu Abiodun Road, Berger				Not Stated			Supernatural Encounter		guest_pictures/default_guest.jpg	\N
468	Miss Promise	07082170976		\N	13	Referral	\N		Female				Student	One-Time Visit	Miss Mariam		Supernatural Encounter		guest_pictures/default_guest.jpg	\N
469	MR JOSEPH OLUSEGUN	07060538405	rarebrandsconsults@gmail.com	\N	2	Facebook	\N		Male	4 ALAMUTU STREET, ALAGBOLE, OGUN STATE 			Employee	Home Church			Supernatural Encounter		guest_pictures/default_guest.jpg	\N
470	MR FOLA AFOLABI	08177557337	naijavoicecenter@gmail.com	\N	2	Referral	\N		Male	11b samuel onofowora close river valley Estate Berger 			Entreprenuer	Home Church	NOT STATED		Supernatural Encounter		guest_pictures/default_guest.jpg	\N
471	Oyewole Oyekemi	07068447590	oyewoleoyekemi28@gmail.com	\N	5	Billboard (Grammar School)	\N		Female	20, Morolaji Street, Off Taiye Bello, Akute.			Employee	Home Church			Supernatural Encounter		guest_pictures/default_guest.jpg	\N
472	Emmanuel Iyanu	0907976 7159	emmanueliyanu3@gmail.com	\N	13	Referral	\N		Male	27 Madonna Estate 				One-Time Visit			Supernatural Encounter		guest_pictures/default_guest.jpg	\N
473	Udoh Onyoi	08033191329	onyoiudoh@gmail.com	\N	5	Billboard (Grammar School)	\N		Female				Employee	One-Time Visit			Supernatural Encounter		guest_pictures/default_guest.jpg	\N
474	David Solomon	09139281243	flexy2yhigh77@gmail.com	\N	1	Referral	\N		Male					Home Church	Sister Comfort		Supernatural Encounter		guest_pictures/default_guest.jpg	\N
475	Rejoice Amarachi	09064544992		\N	19	Referral	\N		Female					Home Church	Sis Comfort	09046599515	Supernatural Encounter		guest_pictures/default_guest.jpg	\N
476	Joseph Olaitan	08091081979		\N	1	Billboard (Ojodu)	\N		Male	Iyana-Ipaja 				One-Time Visit			Supernatural Encounter		guest_pictures/default_guest.jpg	\N
478	Adeus Dorcas	09065352380		\N	19	Billboard (Grammar School)	\N		Female					Home Church			Supernatural Encounter		guest_pictures/default_guest.jpg	\N
479	Toyosi Ademola	08078943772	ademolaestheromotoyosi@gmail.com	\N	19	Referral	\N		Female	Kings Avenue, Ojodu Berger				Home Church	Sis Tunmise		Supernatural Encounter		guest_pictures/default_guest.jpg	\N
480	Agbim joan	08030810340	agbimjoan820@gmail.com	\N	21	Billboard (Ojodu)	\N		Female	Unity Estate			Student	Home Church			Supernatural Encounter		guest_pictures/default_guest.jpg	\N
481	Ifedayo Joshua	08061674125		\N	1	Billboard (Grammar School)	\N		Male					Home Church			Supernatural Encounter		guest_pictures/default_guest.jpg	\N
482	Oluwadamilola Emilia Sunmonu	08065804917	damilola.sunmonu@gmail.com	\N	5	Instagram	\N		Female	Goodwill Estate, Ojodu Abiodun, Lagos.			Employee	Home Church			Supernatural Encounter		guest_pictures/default_guest.jpg	\N
483	Chukwuemeka Precious Nwokorie	08162897474	ncprecious3006@gmail.com	\N	9	Referral	\N		Male	9 Femi Adelumo close,Fakeye Alagbole 			Employee	Not Stated	Mr Abayomi	09094633164	Supernatural Encounter		guest_pictures/default_guest.jpg	\N
484	Oluwaseun Odetokun	09031240202	seun.odetokun935@gmail	\N	13	Referral	\N		Female	22, Orelope Street, Egbeda			Employee	Special Programme Visit	Oluwasegun Ajayi	07034586256	Supernatural Encounter		guest_pictures/default_guest.jpg	\N
485	Lasisi Oseyemi	08107713937	osenilasisi@gmail.com	\N	21	Referral	\N		Female	Sunmisola street Mende Maryland 			Student	Special Programme Visit	Sis Comfort	09046599515	Supernatural Encounter		guest_pictures/default_guest.jpg	\N
486	Odunola Joy	07068535389	joyodunola@gmail.com	\N	5	Visit	\N		Female	1 Samuel Adeyemi, Ayobo			Student	Occasional Visit	Sister Abimbola Bakare		Supernatural Encounter		guest_pictures/default_guest.jpg	\N
487	Obajulaye Ifeoluwa Bamitale	09124440315	obajulayeife@gmail.com	\N	5	Referral	\N		Female	Omibiyi, Ogba, Lagos			Employee	Special Programme Visit			Supernatural Encounter		guest_pictures/default_guest.jpg	\N
488	Mr Ejemuta Godspower	07047886088	Ejemutabrozie1998@gmail.com	\N	10	Referral	\N		Male	Cele Ago palace way			Student	Home Church	Dotun ajayi	09027104215	Supernatural Encounter		guest_pictures/default_guest.jpg	\N
489	Susan Emmanuel	07025084433		\N	13	Referral	\N		Female	3 Omoyemi Adesoga			Entreprenuer	Home Church	Sister Comfort	09046599515	Supernatural Encounter		guest_pictures/default_guest.jpg	\N
490	Abraham Ayotunde	08089273820		\N	13	Billboard (Ojodu)	\N		Male	Ibafo 			Employee	Home Church			Supernatural Encounter		guest_pictures/default_guest.jpg	\N
491	MR TOSIN LANIYAN	08114801310	tosinlaniyan99@gmail.com	\N	2	Billboard (Ojodu)	\N		Male	114 OLD OLOWORA ROAD			Student	Occasional Visit			Supernatural Encounter		guest_pictures/default_guest.jpg	\N
492	TOSIN LANIYAN	08114801310	tosinlaniyan99@gmail.com	\N	2	Billboard (Ojodu)	\N		Male	114 Olowora Road 			Student	Occasional Visit			Supernatural Encounter		guest_pictures/default_guest.jpg	\N
493	MAYOWA AJAGUNA	08108082436	NIL	\N	2	Billboard (Grammar School)	\N		Male	OREMETA OJODU			Entreprenuer	Not Stated			Supernatural Encounter		guest_pictures/default_guest.jpg	\N
494	Miss Adeshina Bisola	08033261576		\N	21	Referral	\N		Female	Powerline street Isheri Magodo Lagos			Employee	Home Church	She is a great fan of FirstLady		Supernatural Encounter		guest_pictures/default_guest.jpg	\N
495	Ikechukwu Okoh	08143651287	ikechukwu_okoh@yahoo.com	\N	13	Instagram	\N		Male	11A, Leye Pratt street, off Isheri Road, Lagos			Employee	Home Church			Supernatural Encounter		guest_pictures/default_guest.jpg	\N
496	Mr Omolola TEMITOPE David	08168251718	topedavid@yahoo.com	\N	8	Billboard (Grammar School)	\N		Male	22 Ajayi str Kolaq B/S Akute Rd				Home Church			Supernatural Encounter		guest_pictures/default_guest.jpg	\N
497	MR ISAAC IGE	08071982054		\N	8	Billboard (Grammar School)	\N		Male	18 Kings Avenue Str Ojodu				Not Stated			Midweek Recharge		guest_pictures/default_guest.jpg	\N
498	Mr Victor Ikechukwu Ukanwa		victorukanwa@gmail.com	\N	8	Billboard (Ojodu)	\N		Male	EDP Building Berger 				Home Church			Midweek Recharge		guest_pictures/default_guest.jpg	\N
499	MR ADENIJI SEGUN	08084062075	chatwithomooba@yahoo.com	\N	8	Referral	\N		Male	141 Adeola Afolabi street, New Oko oba Ifako Ijaye				Home Church			Supernatural Encounter		guest_pictures/default_guest.jpg	\N
500	Mr CHRISTOPHER OLORUNTOBA SAMUEL	07038712582	christopheroloruntoba@gmail.com	\N	8	Referral	\N		Male	66 Arepo Ogun state 			Entreprenuer	Not Stated			Supernatural Encounter		guest_pictures/default_guest.jpg	\N
501	HENRY OSE	08166684103	osehenry1000@gmail.com	\N	2	Billboard (Ojodu)	\N		Male	4b Newton Estate, Pakuro Lotto, Mowe			Entreprenuer	Home Church			Supernatural Encounter		guest_pictures/default_guest.jpg	\N
502	Mr Boluwatiwi Akindele	08114528727		\N	10	Referral	\N		Male					Home Church			Supernatural Encounter		guest_pictures/default_guest.jpg	\N
503	Ella Ezeora	08105672284		\N	23	Referral	\N		Female					Not Stated			Quantum Leap		guest_pictures/default_guest.jpg	\N
504	Ayodeji Thomas	08104437584	Nil	\N	9	Referral	\N		Male	12 Adigboluja Ojodu Berger / Oshogbo			Employee	Not Stated	Pius		Midweek Recharge		guest_pictures/default_guest.jpg	\N
505	Becky Udoh	08125791287		\N	17	Billboard (Grammar School)	\N		Female					Special Programme Visit	Sis Comfort	0904 659 9515	Quantum Leap		guest_pictures/default_guest.jpg	\N
506	Osunde Precious Ehi	08130112693	preciousesehi@gmail.com	\N	20	Instagram	\N		Female	Bamako Estate, Ikeja			Entreprenuer	Not Stated			Quantum Leap		guest_pictures/default_guest.jpg	\N
507	Omowunmi	07041931886	znbmwnm@gmail.com	\N	20	Referral	\N		Female					Home Church	Sis Bimbo of Embassage		Quantum Leap		guest_pictures/default_guest.jpg	\N
508	Enobong Akpabio	08173672762		\N	17	Billboard (Ojodu)	\N		Female				Employee	Not Stated			Quantum Leap		guest_pictures/default_guest.jpg	\N
509	Oluwabukola Thomas	09023361118		\N	23	Referral	\N		Female					Not Stated			Midweek Recharge		guest_pictures/default_guest.jpg	\N
510	Chukwuemeka Christian	08164332224		\N	13	Referral	\N		Male	Somolu			Entreprenuer	Home Church			Supernatural Encounter		guest_pictures/default_guest.jpg	\N
511	Okonkwo Kenechukwu Collins	08166447056	okonkwocollins564@gmail.com	\N	14	Referral	\N		Male	Obawole, Lagos			Employee	Home Church			Supernatural Encounter		guest_pictures/default_guest.jpg	\N
512	Aiyedun Abraham Yele	08037257499		\N	9	Not Stated	\N		Male	10 shangoremi street , Isheri 				Not Stated			Supernatural Encounter		guest_pictures/default_guest.jpg	\N
513	Tanitolorun Florence Toyin	08133499622		\N	4	Referral	\N		Female	Lapeni quarters Ijebu-ode			Employee	One-Time Visit	Her daughter - Helen	08096760183	Supernatural Encounter		guest_pictures/default_guest.jpg	\N
514	Salvation John Sampson	8069308768		\N	14	Billboard (Grammar School)	\N		Male	No 9, Ondo Street Oke-Ira, Ogba, Ikeje, Lagos 			Employee	Home Church			Supernatural Encounter		guest_pictures/default_guest.jpg	\N
515	Ogar Sunday	08062222486	ogarsunday@gmail.com	\N	13	Self	\N		Male	Olowora 			Employee	Home Church			Supernatural Encounter		guest_pictures/default_guest.jpg	\N
516	Martins Oluwaferanmi	0816000898	mikeymartins215@gmail.com	\N	7	Referral	\N		Male	26 Bintu street ? Ajayi road Ogba 			Student	Home Church	Dolapo		Supernatural Encounter		guest_pictures/default_guest.jpg	\N
517	Ogbon Precious	09039438070	princeogbon@gmail.com	\N	14	Billboard (Ojodu)	\N		Male	7 Cole Close Progressive Estate, Ojodu Berger			Employee	Home Church			Supernatural Encounter		guest_pictures/default_guest.jpg	\N
518	Roseline Ariyo	08137599294		\N	23	Billboard (Grammar School)	\N		Female	2 baale street Ojodu Berger 			Employee	Not Stated			Supernatural Encounter		guest_pictures/default_guest.jpg	\N
519	Olorungbon Mercy	09037728000	wemimomercy@gmail.com	\N	20	Visit	\N		Female	Adeoti Estate			Employee	Occasional Visit	Sis Grace Daudu	09031290109	Supernatural Encounter		guest_pictures/default_guest.jpg	\N
520	Ejura Anita	08161180345		\N	17	Visit	\N		Female				Artisan	Special Programme Visit	Sis Comfort		Code Red Revival		guest_pictures/default_guest.jpg	\N
521	David Oluwasanjo	08124875860		\N	13	Flyer	\N		Male	19, Oluyemi, Aguda, Lagos			Employee	Home Church			Code Red Revival		guest_pictures/default_guest.jpg	\N
522	Ekundayo Funmilayo	07039533117	kndfunmilayo@gmail.com	\N	5	Not Stated	\N		Female	Ebipeju Estate, Markorgi, Magboro.			Employee	Home Church	Mr. Tope		Code Red Revival		guest_pictures/default_guest.jpg	\N
523	Peace Williton	08035498305		\N	17	Billboard (Grammar School)	\N		Female				Employee	Special Programme Visit			Code Red Revival		guest_pictures/default_guest.jpg	\N
524	Akinola Adetumobi	09065133429		\N	13	Referral	\N		Male				Employee	Home Church			Supernatural Encounter		guest_pictures/default_guest.jpg	\N
525	Jesutowo Isaiah	08112205313		\N	14	Visit	\N		Male	Abule Egba			Entreprenuer	Home Church	Mr		Supernatural Encounter		guest_pictures/default_guest.jpg	\N
526	Adeyanju Samuel Oluwapelumi	09071969040	samueladeyanju562@gmail.com	\N	14	Flyer	\N		Male	Bintin Street, Ogba.			Employee	Home Church	Taylor Vade		Supernatural Encounter		guest_pictures/default_guest.jpg	\N
527	Joshson Madubuike	08094048444		\N	13	Not Stated	\N		Male	18, Bakare Street, Ojodu Berger 			Employee	Home Church			Supernatural Encounter		guest_pictures/default_guest.jpg	\N
528	Anuoluwapo Fadoju	08093096892	badmusanuoluwapo16@gmail.com	\N	5	Billboard (Kosoko)	\N		Female	Denro Road, Ojodu-Berger.			Employee	Home Church			Midweek Recharge		guest_pictures/default_guest.jpg	\N
529	Sarah Franklin	09032527335	theodorafranklin12@gmail.com	\N	20	Billboard (Ojodu)	\N		Female	34 Capp Olefow Street, Obawole. Lagos, Nigeria 			Entreprenuer	Occasional Visit			Supernatural Encounter		guest_pictures/default_guest.jpg	\N
530	MR TEMITOPE FADOJU	08091546908	temitopecentrist@gmail.com	\N	2	Billboard (Kosoko)	\N		Male	31 DENRO ROAD, OJODU-BERGER			Entreprenuer	Home Church			Supernatural Encounter		guest_pictures/default_guest.jpg	\N
531	Comfort Ogunro	09068805434		\N	23	Referral	\N		Female	Abule-Egba			Employee	Occasional Visit			Supernatural Encounter		guest_pictures/default_guest.jpg	\N
532	Adam Victor	07067057104	encryptedav@gmail.com	\N	9	Self	\N		Male	2a Ogunji Road ojodu Berger 			Employee	Home Church	Holy Ghost		Supernatural Encounter		guest_pictures/default_guest.jpg	\N
533	MR GODWIN IREDIA	07053617175	Godwinobasuyi750@gmail.com	\N	2	Referral	\N		Male	AGBOLE KING PALACE 			Entreprenuer	Home Church			Supernatural Encounter		guest_pictures/default_guest.jpg	\N
534	Goodluck Erhijivwo	07019738429	geopsalm081@gamil.com	\N	6	Billboard (Ojodu)	\N		Male	Pipeline, Berger			Student	Occasional Visit			Supernatural Encounter		guest_pictures/default_guest.jpg	\N
535	Miss Ehimare Fortune	08161814839		\N	27	Referral	\N		Female					Occasional Visit			Supernatural Encounter		guest_pictures/default_guest.jpg	\N
536	Miss Bello Oluwatoyin Olafunke	09030166596		\N	27	Flyer	\N		Female	Magboro				Special Programme Visit			Supernatural Encounter		guest_pictures/default_guest.jpg	\N
537	Titilayo Sunmonu	09032372072	sunmonutitilayo76@gmail.com	\N	21	Referral	\N		Female	Mowe pakuro			Student	Not Stated			Supernatural Encounter		guest_pictures/default_guest.jpg	\N
538	Jimoh Oluwaferanmi	07061607943	jimoholuwaferanmi660	\N	21	Billboard (Grammar School)	\N		Female	4 Ayiumwu off popola street gbagada			Student	Home Church			Supernatural Encounter		guest_pictures/default_guest.jpg	\N
540	Olowokere Rachael	08062605200		\N	16	Instagram	\N		Female	Alagbole			Employee	Occasional Visit			Supernatural Encounter		guest_pictures/default_guest.jpg	\N
541	Bukola Odufisan	08104976509	nil.	\N	9	Self	\N		Male	8 Ereke Avenue ojodu Berger 			Entreprenuer	Home Church			Supernatural Encounter		guest_pictures/default_guest.jpg	\N
542	Dada Olajumoke Joke	08180992628	dadaolajumoke80@gmail.com	\N	16	Referral	\N		Female	River valley estate, Ojodu Berger				Home Church			Supernatural Encounter		guest_pictures/default_guest.jpg	\N
543	Captain Didymus Otuebe	08144331546	captaindidymus@gmail.com	\N	9	Instagram	\N		Male	2 Adebowale street ojodu Berger 			Entreprenuer	Home Church	Google		Supernatural Encounter		guest_pictures/default_guest.jpg	\N
544	Dickson Wisdom	08132965398		\N	7	Referral	\N		Male				Entreprenuer	Home Church	Sister Hope		Supernatural Encounter		guest_pictures/default_guest.jpg	\N
545	nifemi racheal	07040260803	niffyriri2@gmail.com	\N	25	Instagram	\N		Female	Onidi Berger 			Student	Home Church	Mrs olowokere	08062605200	Supernatural Encounter		guest_pictures/default_guest.jpg	\N
546	Gloria Odufisan	09034705280		\N	25	Self	\N		Female	8, ereke avenue ojodu Berger 			Employee	Home Church	Holy Spirit		Supernatural Encounter		guest_pictures/default_guest.jpg	\N
547	Paulina Osague	08133712858	gidtpaula@gmail.com	\N	25	Referral	\N		Female	37,ogulana street egbeda 			Employee	Occasional Visit			Supernatural Encounter		guest_pictures/default_guest.jpg	\N
548	Olutoye Damilola Ifeoluwa	08165091424		\N	13	Billboard (Ojodu)	\N		Male	Tade Park Beside Rainoil BAERGER, Lagos 			Employee	Home Church			Supernatural Encounter		guest_pictures/default_guest.jpg	\N
549	Blessing paul	09012752746		\N	17	Visit	\N		Female				Employee	Occasional Visit			Love Lounge		guest_pictures/default_guest.jpg	\N
551	Kehinde Oluwafisayomi	08084558236	fissykenny@yahoo.com	\N	23	Billboard (Kosoko)	\N		Female	1 sunny cool close Alarab Phase 2, Oriyanrin Akute			Employee	Home Church			Love Lounge		guest_pictures/default_guest.jpg	\N
553	Bukola Adedayo	08161806344	oluwabukolaope@gmail.com	\N	20	Referral	\N		Female	10A Bashiru Ojukutu Street, Alagbole			Entreprenuer	Home Church	Her brother. He doesn't attend Gateway		Supernatural Encounter		guest_pictures/default_guest.jpg	\N
555	Tosin Bolarinwa	08145823149		\N	13	Referral	\N		Male	Berger, Lagos 			Employee	Home Church	Eniola		Love Lounge		guest_pictures/default_guest.jpg	\N
556	Sis Hannah	09152925212	olamide956@gmail.com	\N	22	Billboard (Grammar School)	\N		Female	Lagos				Home Church			Supernatural Encounter		guest_pictures/default_guest.jpg	\N
557	Godwin Jimoh	09053502039	godwinjimoh46@gmail.com	\N	14	Billboard (Grammar School)	\N		Male				Student	Home Church	Bro Joel		Supernatural Encounter		guest_pictures/default_guest.jpg	\N
558	Onasola Esther Glory	09072776442		\N	26	Visit	\N		Female					Occasional Visit			Supernatural Encounter		guest_pictures/default_guest.jpg	\N
559	Miss Uduak Gift	 07034736052		\N	26	Referral	\N		Female	5, Morenokeji Stree, Ajayi Road, Ogba. 			Student	Home Church	Miss Comfort		Supernatural Encounter		guest_pictures/default_guest.jpg	\N
560	Udochukwu Umunna	08140461001		\N	14	Billboard (Grammar School)	\N		Male	Adebayo Street				Home Church			Supernatural Encounter		guest_pictures/default_guest.jpg	\N
561	MR TERRY IGA	07032192190	terrifiqallyinspired@gmail.com	\N	2	Billboard (Kosoko)	\N		Male	3B ADEBISI ADEBAMBO  STR, OJA, BERGER			Entreprenuer	Home Church			Supernatural Encounter		guest_pictures/default_guest.jpg	\N
562	MR JOEL	08100250000	NOT AVAILABLE	\N	2	Self	\N		Male	NOT AVAILABLE 			Entreprenuer	Occasional Visit			Supernatural Encounter		guest_pictures/default_guest.jpg	\N
563	Abigirl Adedeji	08102388120	adedejiabigirlolusola@gmail.com	\N	4	Flyer	\N		Female	Timson estate ojodu berger			Employee	Home Church			Supernatural Encounter		guest_pictures/default_guest.jpg	\N
564	Peace Timinimi	09079179272	Timinimipeace@gmail.com	\N	26	Visit	\N		Female	Adebowale Street, Granma school. 			Entreprenuer	Special Programme Visit	Mr Victor Adeyanju		Supernatural Encounter		guest_pictures/default_guest.jpg	\N
565	Sola Adegboye	08131895697	08131895697	\N	20	Not Stated	\N		Female	Coker Street, Alagbole			Entreprenuer	Occasional Visit	Mr Owokoya	08056836048	Supernatural Encounter		guest_pictures/default_guest.jpg	\N
566	Temidayo Akindoyenu	08107053880		\N	14	Referral	\N		Male	22 Ogunleye Street, Alagbole			Employee	Home Church	Mr Shola		Supernatural Encounter		guest_pictures/default_guest.jpg	\N
567	Stephen ThankGod	09035596387	stepheshelu48@gmail.com	\N	13	Billboard (Ojodu)	\N		Male	23, isiaka salon off Moshoba, Berger, Lagos 			Artisan	Home Church			Breakthrough Festival		guest_pictures/default_guest.jpg	\N
568	Apieghiechai Vivian	09160757046		\N	21	Visit	\N		Female	42 fadeyi street ogba 			Employee	Occasional Visit			Breakthrough Festival		guest_pictures/default_guest.jpg	\N
569	Kolawole Sanusi	08167276858	sanusikolawole2000@gmail.com	\N	14	Referral	\N		Male	No 10, Ben Egiwere Opp, Paradise Street, Alagbole			Employee	Home Church	Sis Oluwafunmilayo		Supernatural Encounter		guest_pictures/default_guest.jpg	\N
570	Oluwole Adewale	07067537136	walex.manofgod@gmail.com	\N	14	Referral	\N		Male	43 Taju Bello Street, Toyin Bus-Stop, Iju Ishaga, Lagos			Employee	Home Church	Sis Timi		Supernatural Encounter		guest_pictures/default_guest.jpg	\N
571	Pelumi Babawale	08103149225		\N	26	Billboard (Ojodu)	\N		Female				Employee	Home Church			Supernatural Encounter		guest_pictures/default_guest.jpg	\N
572	Mr Thomas	09015397393		\N	10	Billboard (Grammar School)	\N		Male	River valley 				Home Church			Supernatural Encounter		guest_pictures/default_guest.jpg	\N
573	Eyitayo Oluwatobi	08102528676	oluwatobieyitayo@gmsil.com	\N	9	Referral	\N		Male	6 Lawal street oshogun Ketu Alapere 			Employee	Not Stated	Not stated		Love Lounge		guest_pictures/default_guest.jpg	\N
574	Adeleye Simileoluwa	08102492110	adeleyesimileoluwa@gmail.com	\N	13	Billboard (Ojodu)	\N		Male	2B Sam Ogebo, Victory Estate, Along King Venue, Ojodu, Lagos			Employee	Special Programme Visit			Love Lounge		guest_pictures/default_guest.jpg	\N
575	Mr NDIANA ABASI	07053359715	graysproperties10@gmail.com	\N	2	Self	\N		Male	52 ISHASI RD, SALAMI BUS STOP AKUTE 			Entreprenuer	Home Church			Supernatural Encounter		guest_pictures/default_guest.jpg	\N
576	Mrs Adebusuyi	08080135578	titilope@rainbow.com.ng	\N	4	Referral	\N		Female					Home Church	Sis Rose		Supernatural Encounter		guest_pictures/default_guest.jpg	\N
577	Blessing Agbons	08067290394		\N	23	Referral	\N		Female					Home Church			Supernatural Encounter		guest_pictures/default_guest.jpg	\N
578	Godwin Comfort	09035905356		\N	4	Billboard (Grammar School)	\N		Female					Home Church			Supernatural Encounter		guest_pictures/default_guest.jpg	\N
579	Okoh Anthony	07081403027		\N	13	Self	\N		Male	8, Oluwasigibomi street, Ogba, Lagos			Artisan	Occasional Visit			Supernatural Encounter		guest_pictures/default_guest.jpg	\N
580	Miracle Anthony	07053723756	ucmanthony@gmail.com	\N	18	Referral	\N		Female	31 ajibode iju ishaga			Entreprenuer	Occasional Visit	Sis stephanie		Supernatural Encounter		guest_pictures/default_guest.jpg	\N
581	Miss Esther Okunowo	07066201779	okunowolanrenwaju@gmail.com	\N	25	Instagram	\N		Female	Berger lagos 			Employee	Home Church	Instagram		Supernatural Encounter		guest_pictures/default_guest.jpg	\N
552	Ademola Adebusoye	07017990010	ademola@rainbow.com.ng	\N	2	Referral	\N		male	31 SOETAN STR , OFF OYEMEKUN, OGBA.			Entreprenuer	Home Church	SISTER ROSE OF EMBASSAGE		Supernatural Encounter	Mr.	guest_pictures/adebusoye.jpg	\N
554	AKINNADE AYOMIDE	07032087745	AYOMIDE.FEY@YAHOO.COM	\N	26	Billboard (Grammar School)	\N		male	8, OLANIRAN ADEWOYE, OFF MIRACLE AVENUE, MAGBORO.			Entreprenuer	Home Church			Supernatural Encounter		guest_pictures/akinnade.jpg	\N
582	Miss Victory Uyebi	07041435335	Uyebivee2@gmail.com	\N	25	Referral	\N		Female	6 shoeecan oke ira ogba 			Student	Home Church	Sis Mirabel		Supernatural Encounter		guest_pictures/default_guest.jpg	\N
583	Miss Anyanwu Ekene	09039645843	ekebeayanwu20@gmail.com	\N	25	Referral	\N		Female	No 2 bale street Ojodu Berger 			Employee	Home Church	Mrs Mj		Supernatural Encounter		guest_pictures/default_guest.jpg	\N
584	Iremide	08028890267		\N	7	Billboard (Grammar School)	\N		Male					Home Church			Supernatural Encounter		guest_pictures/default_guest.jpg	\N
585	Mr Valtentino	08102452126	Nil	\N	9	Billboard (Ojodu)	\N		Male				Entreprenuer	Home Church			Supernatural Encounter		guest_pictures/default_guest.jpg	\N
586	Awojoba Olarewaju	08056386591		\N	7	Billboard (Grammar School)	\N		Male					Home Church			Supernatural Encounter		guest_pictures/default_guest.jpg	\N
587	Ruth bibioye	08052279643		\N	27	Billboard (Grammar School)	\N		Female					Home Church			Supernatural Encounter		guest_pictures/default_guest.jpg	\N
588	Abutu Emmanuel	07068035092	Nil	\N	9	Referral	\N		Male				Employee	Not Stated	Not stated		Supernatural Encounter		guest_pictures/default_guest.jpg	\N
589	Richard	09048549480		\N	7	Not Stated	\N		Male	Ojodu berger				Home Church			Supernatural Encounter		guest_pictures/default_guest.jpg	\N
590	Miss Gift Afortu	09044481089		\N	24	Billboard (Grammar School)	\N		Female					Home Church	Sis Mirable	07031887925	Supernatural Encounter		guest_pictures/default_guest.jpg	\N
591	Joakim	08146923237		\N	10	Billboard (Grammar School)	\N		Male					Home Church			Supernatural Encounter		guest_pictures/default_guest.jpg	\N
592	Miss FUNMILAYO Folarin	09030373517		\N	27	Instagram	\N		Female	1, babatunde lageda steet Omole				Occasional Visit			Supernatural Encounter		guest_pictures/default_guest.jpg	\N
593	Somtochukwu Junior	08026478293	somtocgukwuorji1973@gmail.com	\N	12	Billboard (Ojodu)	\N		Male	Berger 			Student	Home Church			Supernatural Encounter		guest_pictures/default_guest.jpg	\N
594	Miss Martina Harvina	07031087745		\N	16	Referral	\N		Female	42 Kayode yusuf, yetunde morgan estate				Special Programme Visit			Love Lounge		guest_pictures/default_guest.jpg	\N
595	Edmund praise	09061595124		\N	27	Billboard (Grammar School)	\N		Female					Home Church			Supernatural Encounter		guest_pictures/default_guest.jpg	\N
596	Kingsley Stephenie	08129058828		\N	19	Referral	\N		Female	Ogba 				Home Church	Sis Vicky		Supernatural Encounter		guest_pictures/default_guest.jpg	\N
597	Toluwanimi Gbadebo	09034569788	tolu792@gmail.com	\N	13	Visit	\N		Male	Isheri North GRA Opic 			Employee	Home Church			Supernatural Encounter		guest_pictures/default_guest.jpg	\N
598	Mr Adepoju Aderemi	09128819563		\N	10	Referral	\N		Male				Student	Home Church	Mr Emmanuel		Love Lounge		guest_pictures/default_guest.jpg	\N
599	Peter Praise	08120081113	ochekingpraise@gmail.com	\N	14	Referral	\N		Male				Student	Home Church	Mr Joel		Supernatural Encounter		guest_pictures/default_guest.jpg	\N
600	Olajide Samuel	09036857824	samuelolajide77@gmail.com.	\N	9	Referral	\N		Male	Road 5 Isheri north GRA opic estate 				Home Church			Code Red Revival		guest_pictures/default_guest.jpg	\N
601	Richard ThankGod	07019159607		\N	13	Referral	\N		Male	Ogba, Lagos			Artisan	Occasional Visit			Code Red Revival		guest_pictures/default_guest.jpg	\N
602	Chidinma Joy	08120508822		\N	21	Referral	\N		Female	12 Ajenishe street Alagbole Ogun state			Student	Special Programme Visit			Supernatural Encounter		guest_pictures/default_guest.jpg	\N
477	Patrick Uwem	07032774732		\N	13	Billboard (Grammar School)	\N		male	Berger, Lagos			Employee	Home Church	Mr Elijah Daniel	09164438223	Supernatural Encounter		guest_pictures/patrickuwem.jpg	\N
550	Peter Prisca Eneware	09064805042		\N	22	Referral	\N		male	14, Valley view estate Aberu Iyana ipaja			Entreprenuer	Occasional Visit			Love Lounge		guest_pictures/peterprisca.jpg	\N
539	Onifade Olaide Gift	08130901259	onifadeolaide69@gmail.com	\N	16	Referral	\N		male	Pakuro Mowe				Home Church	Mr Henry		Supernatural Encounter		guest_pictures/onifadegift.jpg	\N
364	Majekodunmi Abiola	09161330073		\N	10	Referral	\N		male	Karaole Estate				Not Stated	Bro. Dotun Ajayi		Supernatural Encounter		guest_pictures/majekodunmi.jpg	\N
\.


--
-- Name: accounts_profile_id_seq; Type: SEQUENCE SET; Schema: public; Owner: gatewaymagnetapp_db_user
--

SELECT pg_catalog.setval('public.accounts_profile_id_seq', 106, true);


--
-- Name: auth_group_id_seq; Type: SEQUENCE SET; Schema: public; Owner: gatewaymagnetapp_db_user
--

SELECT pg_catalog.setval('public.auth_group_id_seq', 2, true);


--
-- Name: auth_group_permissions_id_seq; Type: SEQUENCE SET; Schema: public; Owner: gatewaymagnetapp_db_user
--

SELECT pg_catalog.setval('public.auth_group_permissions_id_seq', 97, true);


--
-- Name: auth_permission_id_seq; Type: SEQUENCE SET; Schema: public; Owner: gatewaymagnetapp_db_user
--

SELECT pg_catalog.setval('public.auth_permission_id_seq', 36, true);


--
-- Name: auth_user_groups_id_seq; Type: SEQUENCE SET; Schema: public; Owner: gatewaymagnetapp_db_user
--

SELECT pg_catalog.setval('public.auth_user_groups_id_seq', 89, true);


--
-- Name: auth_user_id_seq; Type: SEQUENCE SET; Schema: public; Owner: gatewaymagnetapp_db_user
--

SELECT pg_catalog.setval('public.auth_user_id_seq', 28, true);


--
-- Name: auth_user_user_permissions_id_seq; Type: SEQUENCE SET; Schema: public; Owner: gatewaymagnetapp_db_user
--

SELECT pg_catalog.setval('public.auth_user_user_permissions_id_seq', 1, false);


--
-- Name: django_admin_log_id_seq; Type: SEQUENCE SET; Schema: public; Owner: gatewaymagnetapp_db_user
--

SELECT pg_catalog.setval('public.django_admin_log_id_seq', 376, true);


--
-- Name: django_content_type_id_seq; Type: SEQUENCE SET; Schema: public; Owner: gatewaymagnetapp_db_user
--

SELECT pg_catalog.setval('public.django_content_type_id_seq', 9, true);


--
-- Name: django_migrations_id_seq; Type: SEQUENCE SET; Schema: public; Owner: gatewaymagnetapp_db_user
--

SELECT pg_catalog.setval('public.django_migrations_id_seq', 33, true);


--
-- Name: guests_followupreport_id_seq; Type: SEQUENCE SET; Schema: public; Owner: gatewaymagnetapp_db_user
--

SELECT pg_catalog.setval('public.guests_followupreport_id_seq', 2, true);


--
-- Name: guests_guestentry_id_seq; Type: SEQUENCE SET; Schema: public; Owner: gatewaymagnetapp_db_user
--

SELECT pg_catalog.setval('public.guests_guestentry_id_seq', 603, true);


--
-- Name: accounts_profile accounts_profile_pkey; Type: CONSTRAINT; Schema: public; Owner: gatewaymagnetapp_db_user
--

ALTER TABLE ONLY public.accounts_profile
    ADD CONSTRAINT accounts_profile_pkey PRIMARY KEY (id);


--
-- Name: accounts_profile accounts_profile_user_id_key; Type: CONSTRAINT; Schema: public; Owner: gatewaymagnetapp_db_user
--

ALTER TABLE ONLY public.accounts_profile
    ADD CONSTRAINT accounts_profile_user_id_key UNIQUE (user_id);


--
-- Name: auth_group auth_group_name_key; Type: CONSTRAINT; Schema: public; Owner: gatewaymagnetapp_db_user
--

ALTER TABLE ONLY public.auth_group
    ADD CONSTRAINT auth_group_name_key UNIQUE (name);


--
-- Name: auth_group_permissions auth_group_permissions_group_id_permission_id_0cd325b0_uniq; Type: CONSTRAINT; Schema: public; Owner: gatewaymagnetapp_db_user
--

ALTER TABLE ONLY public.auth_group_permissions
    ADD CONSTRAINT auth_group_permissions_group_id_permission_id_0cd325b0_uniq UNIQUE (group_id, permission_id);


--
-- Name: auth_group_permissions auth_group_permissions_pkey; Type: CONSTRAINT; Schema: public; Owner: gatewaymagnetapp_db_user
--

ALTER TABLE ONLY public.auth_group_permissions
    ADD CONSTRAINT auth_group_permissions_pkey PRIMARY KEY (id);


--
-- Name: auth_group auth_group_pkey; Type: CONSTRAINT; Schema: public; Owner: gatewaymagnetapp_db_user
--

ALTER TABLE ONLY public.auth_group
    ADD CONSTRAINT auth_group_pkey PRIMARY KEY (id);


--
-- Name: auth_permission auth_permission_content_type_id_codename_01ab375a_uniq; Type: CONSTRAINT; Schema: public; Owner: gatewaymagnetapp_db_user
--

ALTER TABLE ONLY public.auth_permission
    ADD CONSTRAINT auth_permission_content_type_id_codename_01ab375a_uniq UNIQUE (content_type_id, codename);


--
-- Name: auth_permission auth_permission_pkey; Type: CONSTRAINT; Schema: public; Owner: gatewaymagnetapp_db_user
--

ALTER TABLE ONLY public.auth_permission
    ADD CONSTRAINT auth_permission_pkey PRIMARY KEY (id);


--
-- Name: auth_user_groups auth_user_groups_pkey; Type: CONSTRAINT; Schema: public; Owner: gatewaymagnetapp_db_user
--

ALTER TABLE ONLY public.auth_user_groups
    ADD CONSTRAINT auth_user_groups_pkey PRIMARY KEY (id);


--
-- Name: auth_user_groups auth_user_groups_user_id_group_id_94350c0c_uniq; Type: CONSTRAINT; Schema: public; Owner: gatewaymagnetapp_db_user
--

ALTER TABLE ONLY public.auth_user_groups
    ADD CONSTRAINT auth_user_groups_user_id_group_id_94350c0c_uniq UNIQUE (user_id, group_id);


--
-- Name: auth_user auth_user_pkey; Type: CONSTRAINT; Schema: public; Owner: gatewaymagnetapp_db_user
--

ALTER TABLE ONLY public.auth_user
    ADD CONSTRAINT auth_user_pkey PRIMARY KEY (id);


--
-- Name: auth_user_user_permissions auth_user_user_permissions_pkey; Type: CONSTRAINT; Schema: public; Owner: gatewaymagnetapp_db_user
--

ALTER TABLE ONLY public.auth_user_user_permissions
    ADD CONSTRAINT auth_user_user_permissions_pkey PRIMARY KEY (id);


--
-- Name: auth_user_user_permissions auth_user_user_permissions_user_id_permission_id_14a6b632_uniq; Type: CONSTRAINT; Schema: public; Owner: gatewaymagnetapp_db_user
--

ALTER TABLE ONLY public.auth_user_user_permissions
    ADD CONSTRAINT auth_user_user_permissions_user_id_permission_id_14a6b632_uniq UNIQUE (user_id, permission_id);


--
-- Name: auth_user auth_user_username_key; Type: CONSTRAINT; Schema: public; Owner: gatewaymagnetapp_db_user
--

ALTER TABLE ONLY public.auth_user
    ADD CONSTRAINT auth_user_username_key UNIQUE (username);


--
-- Name: django_admin_log django_admin_log_pkey; Type: CONSTRAINT; Schema: public; Owner: gatewaymagnetapp_db_user
--

ALTER TABLE ONLY public.django_admin_log
    ADD CONSTRAINT django_admin_log_pkey PRIMARY KEY (id);


--
-- Name: django_content_type django_content_type_app_label_model_76bd3d3b_uniq; Type: CONSTRAINT; Schema: public; Owner: gatewaymagnetapp_db_user
--

ALTER TABLE ONLY public.django_content_type
    ADD CONSTRAINT django_content_type_app_label_model_76bd3d3b_uniq UNIQUE (app_label, model);


--
-- Name: django_content_type django_content_type_pkey; Type: CONSTRAINT; Schema: public; Owner: gatewaymagnetapp_db_user
--

ALTER TABLE ONLY public.django_content_type
    ADD CONSTRAINT django_content_type_pkey PRIMARY KEY (id);


--
-- Name: django_migrations django_migrations_pkey; Type: CONSTRAINT; Schema: public; Owner: gatewaymagnetapp_db_user
--

ALTER TABLE ONLY public.django_migrations
    ADD CONSTRAINT django_migrations_pkey PRIMARY KEY (id);


--
-- Name: django_session django_session_pkey; Type: CONSTRAINT; Schema: public; Owner: gatewaymagnetapp_db_user
--

ALTER TABLE ONLY public.django_session
    ADD CONSTRAINT django_session_pkey PRIMARY KEY (session_key);


--
-- Name: guests_followupreport guests_followupreport_guest_id_report_date_6e2365df_uniq; Type: CONSTRAINT; Schema: public; Owner: gatewaymagnetapp_db_user
--

ALTER TABLE ONLY public.guests_followupreport
    ADD CONSTRAINT guests_followupreport_guest_id_report_date_6e2365df_uniq UNIQUE (guest_id, report_date);


--
-- Name: guests_followupreport guests_followupreport_pkey; Type: CONSTRAINT; Schema: public; Owner: gatewaymagnetapp_db_user
--

ALTER TABLE ONLY public.guests_followupreport
    ADD CONSTRAINT guests_followupreport_pkey PRIMARY KEY (id);


--
-- Name: guests_guestentry guests_guestentry_pkey; Type: CONSTRAINT; Schema: public; Owner: gatewaymagnetapp_db_user
--

ALTER TABLE ONLY public.guests_guestentry
    ADD CONSTRAINT guests_guestentry_pkey PRIMARY KEY (id);


--
-- Name: auth_group_name_a6ea08ec_like; Type: INDEX; Schema: public; Owner: gatewaymagnetapp_db_user
--

CREATE INDEX auth_group_name_a6ea08ec_like ON public.auth_group USING btree (name varchar_pattern_ops);


--
-- Name: auth_group_permissions_group_id_b120cbf9; Type: INDEX; Schema: public; Owner: gatewaymagnetapp_db_user
--

CREATE INDEX auth_group_permissions_group_id_b120cbf9 ON public.auth_group_permissions USING btree (group_id);


--
-- Name: auth_group_permissions_permission_id_84c5c92e; Type: INDEX; Schema: public; Owner: gatewaymagnetapp_db_user
--

CREATE INDEX auth_group_permissions_permission_id_84c5c92e ON public.auth_group_permissions USING btree (permission_id);


--
-- Name: auth_permission_content_type_id_2f476e4b; Type: INDEX; Schema: public; Owner: gatewaymagnetapp_db_user
--

CREATE INDEX auth_permission_content_type_id_2f476e4b ON public.auth_permission USING btree (content_type_id);


--
-- Name: auth_user_groups_group_id_97559544; Type: INDEX; Schema: public; Owner: gatewaymagnetapp_db_user
--

CREATE INDEX auth_user_groups_group_id_97559544 ON public.auth_user_groups USING btree (group_id);


--
-- Name: auth_user_groups_user_id_6a12ed8b; Type: INDEX; Schema: public; Owner: gatewaymagnetapp_db_user
--

CREATE INDEX auth_user_groups_user_id_6a12ed8b ON public.auth_user_groups USING btree (user_id);


--
-- Name: auth_user_user_permissions_permission_id_1fbb5f2c; Type: INDEX; Schema: public; Owner: gatewaymagnetapp_db_user
--

CREATE INDEX auth_user_user_permissions_permission_id_1fbb5f2c ON public.auth_user_user_permissions USING btree (permission_id);


--
-- Name: auth_user_user_permissions_user_id_a95ead1b; Type: INDEX; Schema: public; Owner: gatewaymagnetapp_db_user
--

CREATE INDEX auth_user_user_permissions_user_id_a95ead1b ON public.auth_user_user_permissions USING btree (user_id);


--
-- Name: auth_user_username_6821ab7c_like; Type: INDEX; Schema: public; Owner: gatewaymagnetapp_db_user
--

CREATE INDEX auth_user_username_6821ab7c_like ON public.auth_user USING btree (username varchar_pattern_ops);


--
-- Name: django_admin_log_content_type_id_c4bce8eb; Type: INDEX; Schema: public; Owner: gatewaymagnetapp_db_user
--

CREATE INDEX django_admin_log_content_type_id_c4bce8eb ON public.django_admin_log USING btree (content_type_id);


--
-- Name: django_admin_log_user_id_c564eba6; Type: INDEX; Schema: public; Owner: gatewaymagnetapp_db_user
--

CREATE INDEX django_admin_log_user_id_c564eba6 ON public.django_admin_log USING btree (user_id);


--
-- Name: django_session_expire_date_a5c62663; Type: INDEX; Schema: public; Owner: gatewaymagnetapp_db_user
--

CREATE INDEX django_session_expire_date_a5c62663 ON public.django_session USING btree (expire_date);


--
-- Name: django_session_session_key_c0390e0f_like; Type: INDEX; Schema: public; Owner: gatewaymagnetapp_db_user
--

CREATE INDEX django_session_session_key_c0390e0f_like ON public.django_session USING btree (session_key varchar_pattern_ops);


--
-- Name: guests_followupreport_created_by_id_e2da0438; Type: INDEX; Schema: public; Owner: gatewaymagnetapp_db_user
--

CREATE INDEX guests_followupreport_created_by_id_e2da0438 ON public.guests_followupreport USING btree (created_by_id);


--
-- Name: guests_followupreport_guest_id_50a498ff; Type: INDEX; Schema: public; Owner: gatewaymagnetapp_db_user
--

CREATE INDEX guests_followupreport_guest_id_50a498ff ON public.guests_followupreport USING btree (guest_id);


--
-- Name: guests_guestentry_assigned_to_id_a8fde0b5; Type: INDEX; Schema: public; Owner: gatewaymagnetapp_db_user
--

CREATE INDEX guests_guestentry_assigned_to_id_a8fde0b5 ON public.guests_guestentry USING btree (assigned_to_id);


--
-- Name: guests_guestentry_created_by_id_08e4f26c; Type: INDEX; Schema: public; Owner: gatewaymagnetapp_db_user
--

CREATE INDEX guests_guestentry_created_by_id_08e4f26c ON public.guests_guestentry USING btree (created_by_id);


--
-- Name: accounts_profile accounts_profile_user_id_49a85d32_fk_auth_user_id; Type: FK CONSTRAINT; Schema: public; Owner: gatewaymagnetapp_db_user
--

ALTER TABLE ONLY public.accounts_profile
    ADD CONSTRAINT accounts_profile_user_id_49a85d32_fk_auth_user_id FOREIGN KEY (user_id) REFERENCES public.auth_user(id) DEFERRABLE INITIALLY DEFERRED;


--
-- Name: auth_group_permissions auth_group_permissio_permission_id_84c5c92e_fk_auth_perm; Type: FK CONSTRAINT; Schema: public; Owner: gatewaymagnetapp_db_user
--

ALTER TABLE ONLY public.auth_group_permissions
    ADD CONSTRAINT auth_group_permissio_permission_id_84c5c92e_fk_auth_perm FOREIGN KEY (permission_id) REFERENCES public.auth_permission(id) DEFERRABLE INITIALLY DEFERRED;


--
-- Name: auth_group_permissions auth_group_permissions_group_id_b120cbf9_fk_auth_group_id; Type: FK CONSTRAINT; Schema: public; Owner: gatewaymagnetapp_db_user
--

ALTER TABLE ONLY public.auth_group_permissions
    ADD CONSTRAINT auth_group_permissions_group_id_b120cbf9_fk_auth_group_id FOREIGN KEY (group_id) REFERENCES public.auth_group(id) DEFERRABLE INITIALLY DEFERRED;


--
-- Name: auth_permission auth_permission_content_type_id_2f476e4b_fk_django_co; Type: FK CONSTRAINT; Schema: public; Owner: gatewaymagnetapp_db_user
--

ALTER TABLE ONLY public.auth_permission
    ADD CONSTRAINT auth_permission_content_type_id_2f476e4b_fk_django_co FOREIGN KEY (content_type_id) REFERENCES public.django_content_type(id) DEFERRABLE INITIALLY DEFERRED;


--
-- Name: auth_user_groups auth_user_groups_group_id_97559544_fk_auth_group_id; Type: FK CONSTRAINT; Schema: public; Owner: gatewaymagnetapp_db_user
--

ALTER TABLE ONLY public.auth_user_groups
    ADD CONSTRAINT auth_user_groups_group_id_97559544_fk_auth_group_id FOREIGN KEY (group_id) REFERENCES public.auth_group(id) DEFERRABLE INITIALLY DEFERRED;


--
-- Name: auth_user_groups auth_user_groups_user_id_6a12ed8b_fk_auth_user_id; Type: FK CONSTRAINT; Schema: public; Owner: gatewaymagnetapp_db_user
--

ALTER TABLE ONLY public.auth_user_groups
    ADD CONSTRAINT auth_user_groups_user_id_6a12ed8b_fk_auth_user_id FOREIGN KEY (user_id) REFERENCES public.auth_user(id) DEFERRABLE INITIALLY DEFERRED;


--
-- Name: auth_user_user_permissions auth_user_user_permi_permission_id_1fbb5f2c_fk_auth_perm; Type: FK CONSTRAINT; Schema: public; Owner: gatewaymagnetapp_db_user
--

ALTER TABLE ONLY public.auth_user_user_permissions
    ADD CONSTRAINT auth_user_user_permi_permission_id_1fbb5f2c_fk_auth_perm FOREIGN KEY (permission_id) REFERENCES public.auth_permission(id) DEFERRABLE INITIALLY DEFERRED;


--
-- Name: auth_user_user_permissions auth_user_user_permissions_user_id_a95ead1b_fk_auth_user_id; Type: FK CONSTRAINT; Schema: public; Owner: gatewaymagnetapp_db_user
--

ALTER TABLE ONLY public.auth_user_user_permissions
    ADD CONSTRAINT auth_user_user_permissions_user_id_a95ead1b_fk_auth_user_id FOREIGN KEY (user_id) REFERENCES public.auth_user(id) DEFERRABLE INITIALLY DEFERRED;


--
-- Name: django_admin_log django_admin_log_content_type_id_c4bce8eb_fk_django_co; Type: FK CONSTRAINT; Schema: public; Owner: gatewaymagnetapp_db_user
--

ALTER TABLE ONLY public.django_admin_log
    ADD CONSTRAINT django_admin_log_content_type_id_c4bce8eb_fk_django_co FOREIGN KEY (content_type_id) REFERENCES public.django_content_type(id) DEFERRABLE INITIALLY DEFERRED;


--
-- Name: django_admin_log django_admin_log_user_id_c564eba6_fk_auth_user_id; Type: FK CONSTRAINT; Schema: public; Owner: gatewaymagnetapp_db_user
--

ALTER TABLE ONLY public.django_admin_log
    ADD CONSTRAINT django_admin_log_user_id_c564eba6_fk_auth_user_id FOREIGN KEY (user_id) REFERENCES public.auth_user(id) DEFERRABLE INITIALLY DEFERRED;


--
-- Name: guests_followupreport guests_followupreport_created_by_id_e2da0438_fk_auth_user_id; Type: FK CONSTRAINT; Schema: public; Owner: gatewaymagnetapp_db_user
--

ALTER TABLE ONLY public.guests_followupreport
    ADD CONSTRAINT guests_followupreport_created_by_id_e2da0438_fk_auth_user_id FOREIGN KEY (created_by_id) REFERENCES public.auth_user(id) DEFERRABLE INITIALLY DEFERRED;


--
-- Name: guests_followupreport guests_followupreport_guest_id_50a498ff_fk_guests_guestentry_id; Type: FK CONSTRAINT; Schema: public; Owner: gatewaymagnetapp_db_user
--

ALTER TABLE ONLY public.guests_followupreport
    ADD CONSTRAINT guests_followupreport_guest_id_50a498ff_fk_guests_guestentry_id FOREIGN KEY (guest_id) REFERENCES public.guests_guestentry(id) DEFERRABLE INITIALLY DEFERRED;


--
-- Name: guests_guestentry guests_guestentry_assigned_to_id_a8fde0b5_fk_auth_user_id; Type: FK CONSTRAINT; Schema: public; Owner: gatewaymagnetapp_db_user
--

ALTER TABLE ONLY public.guests_guestentry
    ADD CONSTRAINT guests_guestentry_assigned_to_id_a8fde0b5_fk_auth_user_id FOREIGN KEY (assigned_to_id) REFERENCES public.auth_user(id) DEFERRABLE INITIALLY DEFERRED;


--
-- Name: guests_guestentry guests_guestentry_created_by_id_08e4f26c_fk_auth_user_id; Type: FK CONSTRAINT; Schema: public; Owner: gatewaymagnetapp_db_user
--

ALTER TABLE ONLY public.guests_guestentry
    ADD CONSTRAINT guests_guestentry_created_by_id_08e4f26c_fk_auth_user_id FOREIGN KEY (created_by_id) REFERENCES public.auth_user(id) DEFERRABLE INITIALLY DEFERRED;


--
-- Name: DEFAULT PRIVILEGES FOR SEQUENCES; Type: DEFAULT ACL; Schema: -; Owner: postgres
--

ALTER DEFAULT PRIVILEGES FOR ROLE postgres GRANT ALL ON SEQUENCES TO gatewaymagnetapp_db_user;


--
-- Name: DEFAULT PRIVILEGES FOR TYPES; Type: DEFAULT ACL; Schema: -; Owner: postgres
--

ALTER DEFAULT PRIVILEGES FOR ROLE postgres GRANT ALL ON TYPES TO gatewaymagnetapp_db_user;


--
-- Name: DEFAULT PRIVILEGES FOR FUNCTIONS; Type: DEFAULT ACL; Schema: -; Owner: postgres
--

ALTER DEFAULT PRIVILEGES FOR ROLE postgres GRANT ALL ON FUNCTIONS TO gatewaymagnetapp_db_user;


--
-- Name: DEFAULT PRIVILEGES FOR TABLES; Type: DEFAULT ACL; Schema: -; Owner: postgres
--

ALTER DEFAULT PRIVILEGES FOR ROLE postgres GRANT ALL ON TABLES TO gatewaymagnetapp_db_user;


--
-- PostgreSQL database dump complete
--

